IF DB_ID('MyApp') IS NOT NULL
BEGIN 
	USE [MyApp]

	PRINT 'Removing old schema and data'

	IF EXISTS (SELECT * FROM sys.objects WHERE object_id = OBJECT_ID(N'[dbo].[Order]') AND type in (N'U'))
	DROP TABLE [dbo].[Order]

	IF EXISTS (SELECT * FROM sys.objects WHERE object_id = OBJECT_ID(N'[dbo].[Employee]') AND type in (N'U'))
	DROP TABLE [dbo].[Employee]

	IF EXISTS (SELECT * FROM sys.objects WHERE object_id = OBJECT_ID(N'[dbo].[Customer]') AND type in (N'U'))
	DROP TABLE [dbo].[Customer]
END
GO

USE [master]
GO

PRINT 'Recreating schema'
GO
IF DB_ID('MyApp') IS NULL
BEGIN

CREATE DATABASE [MyApp]
 CONTAINMENT = NONE
 ON  PRIMARY 
( NAME = N'MyApp', FILENAME = N'C:\Program Files\Microsoft SQL Server\MSSQL15.LOCALSQLSERVER\MSSQL\DATA\MyApp.mdf' , SIZE = 8192KB , MAXSIZE = UNLIMITED, FILEGROWTH = 65536KB )
 LOG ON 
( NAME = N'MyApp_log', FILENAME = N'C:\Program Files\Microsoft SQL Server\MSSQL15.LOCALSQLSERVER\MSSQL\DATA\MyApp_log.ldf' , SIZE = 8192KB , MAXSIZE = 2048GB , FILEGROWTH = 65536KB )
 WITH CATALOG_COLLATION = DATABASE_DEFAULT

ALTER DATABASE [MyApp] SET COMPATIBILITY_LEVEL = 150

IF (1 = FULLTEXTSERVICEPROPERTY('IsFullTextInstalled'))
BEGIN
	EXEC [MyApp].[dbo].[sp_fulltext_database] @action = 'enable'
END

ALTER DATABASE [MyApp] SET ANSI_NULL_DEFAULT OFF 
ALTER DATABASE [MyApp] SET ANSI_NULLS OFF
ALTER DATABASE [MyApp] SET ANSI_PADDING OFF 
ALTER DATABASE [MyApp] SET ANSI_WARNINGS OFF 
ALTER DATABASE [MyApp] SET ARITHABORT OFF 
ALTER DATABASE [MyApp] SET AUTO_CLOSE OFF 
ALTER DATABASE [MyApp] SET AUTO_SHRINK OFF 
ALTER DATABASE [MyApp] SET AUTO_UPDATE_STATISTICS ON 
ALTER DATABASE [MyApp] SET CURSOR_CLOSE_ON_COMMIT OFF 
ALTER DATABASE [MyApp] SET CURSOR_DEFAULT  GLOBAL 
ALTER DATABASE [MyApp] SET CONCAT_NULL_YIELDS_NULL OFF 
ALTER DATABASE [MyApp] SET NUMERIC_ROUNDABORT OFF 
ALTER DATABASE [MyApp] SET QUOTED_IDENTIFIER OFF 
ALTER DATABASE [MyApp] SET RECURSIVE_TRIGGERS OFF 
ALTER DATABASE [MyApp] SET  ENABLE_BROKER 
ALTER DATABASE [MyApp] SET AUTO_UPDATE_STATISTICS_ASYNC OFF 
ALTER DATABASE [MyApp] SET DATE_CORRELATION_OPTIMIZATION OFF 
ALTER DATABASE [MyApp] SET TRUSTWORTHY OFF 
ALTER DATABASE [MyApp] SET ALLOW_SNAPSHOT_ISOLATION OFF 
ALTER DATABASE [MyApp] SET PARAMETERIZATION SIMPLE 
ALTER DATABASE [MyApp] SET READ_COMMITTED_SNAPSHOT OFF 
ALTER DATABASE [MyApp] SET HONOR_BROKER_PRIORITY OFF 
ALTER DATABASE [MyApp] SET RECOVERY FULL
ALTER DATABASE [MyApp] SET  MULTI_USER 
ALTER DATABASE [MyApp] SET PAGE_VERIFY CHECKSUM  
ALTER DATABASE [MyApp] SET DB_CHAINING OFF 
ALTER DATABASE [MyApp] SET FILESTREAM( NON_TRANSACTED_ACCESS = OFF ) 
ALTER DATABASE [MyApp] SET TARGET_RECOVERY_TIME = 60 SECONDS 
ALTER DATABASE [MyApp] SET DELAYED_DURABILITY = DISABLED 
ALTER DATABASE [MyApp] SET ACCELERATED_DATABASE_RECOVERY = OFF  
EXEC sys.sp_db_vardecimal_storage_format N'MyApp', N'ON'
ALTER DATABASE [MyApp] SET QUERY_STORE = OFF
END
GO

USE [MyApp]
GO

SET ANSI_NULLS ON
GO
SET QUOTED_IDENTIFIER ON
GO
CREATE TABLE [dbo].[Customer](
	[Id] [uniqueidentifier] NOT NULL,
	[FirstName] [nvarchar](50) NOT NULL,
	[LastName] [nvarchar](50) NOT NULL,
	[Address] [nvarchar](255) NOT NULL,
	[City] [nvarchar](50) NOT NULL,
	[PostalCode] [nvarchar](10) NOT NULL,
	[Country] [nvarchar](50) NOT NULL,
 CONSTRAINT [PK_Customer] PRIMARY KEY CLUSTERED 
(
	[Id] ASC
)WITH (PAD_INDEX = OFF, STATISTICS_NORECOMPUTE = OFF, IGNORE_DUP_KEY = OFF, ALLOW_ROW_LOCKS = ON, ALLOW_PAGE_LOCKS = ON, OPTIMIZE_FOR_SEQUENTIAL_KEY = OFF) ON [PRIMARY]
) ON [PRIMARY]
GO

SET ANSI_NULLS ON
GO
SET QUOTED_IDENTIFIER ON
GO
CREATE TABLE [dbo].[Employee](
	[Id] [uniqueidentifier] NOT NULL,
	[FirstName] [nvarchar](50) NOT NULL,
	[LastName] [nvarchar](50) NOT NULL,
	[Salary] [money] NOT NULL,
	[ManagerId] [uniqueidentifier] NOT NULL,
	[StartDate] [date] NOT NULL,
 CONSTRAINT [PK_Employee] PRIMARY KEY CLUSTERED 
(
	[Id] ASC
)WITH (PAD_INDEX = OFF, STATISTICS_NORECOMPUTE = OFF, IGNORE_DUP_KEY = OFF, ALLOW_ROW_LOCKS = ON, ALLOW_PAGE_LOCKS = ON, OPTIMIZE_FOR_SEQUENTIAL_KEY = OFF) ON [PRIMARY]
) ON [PRIMARY]
GO

SET ANSI_NULLS ON
GO
SET QUOTED_IDENTIFIER ON
GO
CREATE TABLE [dbo].[Order](
	[Id] [int] IDENTITY(1,1) NOT NULL,
	[CustomerId] [uniqueidentifier] NOT NULL,
	[EmployeeId] [uniqueidentifier] NOT NULL,
	[Amount] [smallmoney] NOT NULL,
	[Items] [int] NOT NULL,
	[OrderDate] [date] NOT NULL,
PRIMARY KEY CLUSTERED 
(
	[Id] ASC
)WITH (PAD_INDEX = OFF, STATISTICS_NORECOMPUTE = OFF, IGNORE_DUP_KEY = OFF, ALLOW_ROW_LOCKS = ON, ALLOW_PAGE_LOCKS = ON, OPTIMIZE_FOR_SEQUENTIAL_KEY = OFF) ON [PRIMARY]
) ON [PRIMARY]
GO

PRINT 'Inserting fake customer records'
GO
INSERT [dbo].[Customer] ([Id], [FirstName], [LastName], [Address], [City], [PostalCode], [Country]) VALUES 
(N'd80f7914-a7c7-4efe-9621-06c66a703067', N'Celia', N'Blackleech', N'06982 Arrowood Trail', N'Portland', N'97296', N'United States'),
(N'168ed2ec-4660-4a54-a049-0c1cb332cf62', N'Standford', N'Shitliffe', N'024 Florence Center', N'Parrsboro', N'L2A', N'Canada'),
(N'1b022324-bf5a-4ecb-9495-0cbcd2e2d49d', N'Alley', N'Chatband', N'0247 Gina Center', N'Charlottetown', N'C1B', N'Canada'),
(N'b9e62f74-7619-45be-b679-196c740f8d01', N'Mord', N'Gotter', N'1 American Ash Park', N'Val-d''Or', N'J9P', N'Canada'),
(N'67253b5a-c17d-48ad-b744-20af49bd41d5', N'Linzy', N'Cattermull', N'4 Raven Road', N'San Francisco', N'94159', N'United States'),
(N'8417ecf4-0c62-4cf1-910b-20e71b2e5c59', N'Nicoline', N'Plose', N'4 Russell Way', N'Trenton', N'08695', N'United States'),
(N'884c9ae4-b899-4a5a-9630-23398a7f83ac', N'Franni', N'Westnedge', N'89603 Rockefeller Place', N'Naples', N'34108', N'United States'),
(N'159f69cc-8dd3-4689-ae4b-2a5ed5380011', N'Worth', N'Ubach', N'13 Cardinal Avenue', N'North Cowichan', N'V9L', N'Canada'),
(N'5c2702e0-2875-4117-a29b-2a6472a3abba', N'Adorne', N'Mortell', N'2405 Pond Crossing', N'Sacramento', N'94273', N'United States'),
(N'5ac74bd1-f311-4b9c-9844-2b576e3fe7d6', N'Warde', N'Ludgrove', N'32253 Heath Way', N'Orillia', N'L3V', N'Canada'),
(N'ac2fca20-e16e-4c85-9aa2-2d8b39b73641', N'Lorrayne', N'Hellicar', N'7 Pine View Drive', N'La Cruz', N'47707', N'Mexico'),
(N'6417ddc0-d46c-4fe0-abed-2f7a0db3560b', N'Spense', N'Mugleston', N'947 Hintze Court', N'Notre-Dame-de-l''Île-Perrot', N'H9X', N'Canada'),
(N'bdc5d9dc-2ee4-4b78-8f98-33469f732cee', N'Nadean', N'Sneezum', N'2402 Mesta Circle', N'Las Vegas', N'89160', N'United States'),
(N'c5f0b732-69e4-462f-9dfb-37428f9c88d9', N'Evin', N'Ollcott', N'0235 Nelson Junction', N'Oceanside', N'92056', N'United States'),
(N'6c4b3826-92fc-4a33-858b-4254e00d4f4b', N'Celestyn', N'Elson', N'38968 Kinsman Circle', N'Washington', N'20409', N'United States'),
(N'8217186f-2c9b-404f-bf62-437418834adf', N'Sharl', N'Lubbock', N'3 Blaine Court', N'Bakersfield', N'93311', N'United States'),
(N'f0f3b6d2-747b-42d4-b636-43e40633afe3', N'Skippy', N'McGeechan', N'7 Rockefeller Court', N'Fairview', N'L1M', N'Canada'),
(N'bfc7de6e-c77d-4134-b129-4425a0601637', N'Shirleen', N'MacDermid', N'352 Upham Alley', N'New Haven', N'06510', N'United States'),
(N'8f93967c-6f6b-4a5f-866d-4e297e874ccd', N'Babita', N'Aylward', N'1 Laurel Crossing', N'Las Flores', N'87395', N'Mexico'),
(N'a4a25427-2a05-438d-b51a-51fd2d34f0b5', N'Steffie', N'Dron', N'002 Ryan Drive', N'Beaumont', N'T4X', N'Canada'),
(N'8fa58c41-fe11-4871-8272-523a8fbd57c5', N'Pietra', N'Phillips', N'10714 Cordelia Court', N'Washington', N'20226', N'United States'),
(N'a864b32d-8104-4a85-ba7e-5314940be523', N'Donall', N'Milam', N'0 4th Hill', N'Lafayette', N'70593', N'United States'),
(N'b4ce60ae-af36-4c2d-9946-55dfc6472154', N'Chrystal', N'McGillivrie', N'36426 Mallory Crossing', N'Kirkland', N'H9J', N'Canada'),
(N'1399aaee-c0a1-49fb-a151-55ea304136f7', N'Cale', N'Jeanequin', N'89871 Eagan Center', N'Buenos Aires', N'83344', N'Mexico'),
(N'552385b4-c3d8-46a3-8070-5f40b28d9688', N'Amery', N'Gallie', N'1 Claremont Lane', N'Aurora', N'80045', N'United States'),
(N'bc0252c5-e0a1-4df6-ac05-621c2e9456dd', N'Kaia', N'Shatliff', N'7 Ludington Way', N'Wolfville', N'B4P', N'Canada'),
(N'b092007c-3e6c-4e1e-8217-654f1eaffb5f', N'Merna', N'Dorset', N'8 Grover Hill', N'Emiliano Zapata', N'62984', N'Mexico'),
(N'9c17d29d-2e1e-473a-828a-697037cb8c71', N'Tim', N'Redhole', N'2 Stang Plaza', N'Flin Flon', N'R8A', N'Canada'),
(N'0352e1d9-4964-4bd0-b617-6e03173498b3', N'Raynard', N'Boller', N'2 Sherman Street', N'Notre-Dame-de-l''Île-Perrot', N'H9X', N'Canada'),
(N'82f96b1b-5646-42ca-b912-705467bd0c0f', N'Michaeline', N'Fuzzens', N'85 Riverside Terrace', N'San Antonio', N'78265', N'United States'),
(N'e518fb62-d062-48c3-8ad2-71b17a3775a6', N'Norton', N'Patel', N'8 Butternut Hill', N'Gatesville', N'76598', N'United States'),
(N'49755ab2-b98c-4bf4-92f9-7531296ec5a2', N'Rabbi', N'Colbridge', N'2234 Nevada Way', N'Dallas', N'75210', N'United States'),
(N'c603e71e-c197-4c0b-9a88-7672d096412a', N'Faustina', N'Ealles', N'8 Holy Cross Way', N'Memphis', N'38188', N'United States'),
(N'd3df54f5-5642-4f9e-ac4e-76b142373c16', N'Mikael', N'Livesey', N'7959 Red Cloud Road', N'Indianapolis', N'46202', N'United States'),
(N'91ea4429-e5e2-488a-967b-78d842e91868', N'Ennis', N'Picknett', N'5 Rieder Circle', N'Wootton', N'NN4', N'United Kingdom'),
(N'1d513d60-fc82-4eed-a938-7aa7aa033918', N'Charyl', N'Jex', N'91244 Dorton Place', N'Jackson', N'39204', N'United States'),
(N'2d042cde-eb49-4ddd-8dd9-7c4abc193aae', N'Leandra', N'Lytle', N'1474 Farwell Crossing', N'Benito Juarez', N'66410', N'Mexico'),
(N'5afcfeb2-d0c3-4aed-9b13-7e9ed40cebf1', N'Josiah', N'Colly', N'92 Hollow Ridge Circle', N'Aston', N'TF6', N'United Kingdom'),
(N'c1f95514-7e82-4816-a6fa-80e72326e77c', N'Nikki', N'Palomba', N'96 Beilfuss Place', N'Delson', N'J5B', N'Canada'),
(N'c7eec6c9-6b64-4119-ab29-817c6f5c74da', N'Christyna', N'Mauro', N'48118 Dennis Point', N'Obrera', N'32050', N'Mexico'),
(N'f6c415eb-c525-48e1-8da8-84f9f322f0bf', N'Judy', N'Baudinot', N'3953 Gina Alley', N'Oklahoma City', N'73190', N'United States'),
(N'2581159d-127f-492a-a9db-86045973f3b4', N'L;urette', N'Krolik', N'6 Scott Court', N'La Soledad', N'75498', N'Mexico'),
(N'a0d9ebcf-1ee0-491f-b6db-89e9708b4d63', N'Josh', N'Whissell', N'672 Bonner Way', N'Ucluelet', N'G6E', N'Canada'),
(N'b17bc60f-780e-4190-aa69-8a08c3998846', N'Leonardo', N'Thurstance', N'4 Judy Junction', N'20 de Noviembre', N'93828', N'Mexico'),
(N'3d343e33-e900-46ea-95d5-8b91ebbc6cc3', N'Leicester', N'Hoyt', N'8 Summerview Hill', N'Val-d''Or', N'J9P', N'Canada'),
(N'7774530a-e9f2-4b68-9dcf-8bd92ae37a48', N'Anett', N'Lillywhite', N'2 Corscot Court', N'La Ronge', N'J9P', N'Canada'),
(N'9bc937f2-e092-4d67-af7f-8c83e343890e', N'Lancelot', N'Scoterbosh', N'72679 Mandrake Junction', N'Denton', N'76210', N'United States'),
(N'af201fa1-4824-4299-97fb-8d5ef51ef325', N'Corinne', N'Insull', N'52 1st Point', N'La Tuque', N'G9X', N'Canada'),
(N'b7311809-6d3a-4c5a-a350-8e40bd567dac', N'Amby', N'Skillman', N'9606 Graceland Place', N'Colorado Springs', N'80905', N'United States'),
(N'66661131-2f13-4676-887b-92610892668f', N'Nico', N'Stiffkins', N'7 Fallview Road', N'Birmingham', N'B40', N'United Kingdom'),
(N'31b5928b-d5c1-48e0-a8a4-937885a5970e', N'Hailee', N'Towne', N'45 Paget Center', N'Aurora', N'80044', N'United States'),
(N'51a9266d-be19-4ac0-b048-93b2b449bdb2', N'Rivkah', N'Venneur', N'265 Buell Center', N'Pittsburgh', N'15220', N'United States'),
(N'd9012056-b371-42d2-ba0b-9a5faf501a26', N'Alethea', N'Endrizzi', N'4 Atwood Drive', N'San Francisco', N'30103', N'Mexico'),
(N'c3aaf915-d3f3-459f-a10c-9acfb5fba2a5', N'Cherida', N'Fobidge', N'7 Colorado Pass', N'Kimberley', N'V1A', N'Canada'),
(N'f9a706f9-9fcd-4555-a95a-9b66696e55f1', N'Teddy', N'Coulsen', N'0465 Spenser Way', N'Emiliano Zapata', N'32883', N'Mexico'),
(N'317471a6-173e-49f2-889e-9d1ed1e79546', N'Audry', N'Lejeune', N'55 Thackeray Street', N'Akron', N'44310', N'United States'),
(N'f606e469-39b3-4b08-8127-9e47ca43364c', N'Reynolds', N'Dillon', N'78304 Cambridge Park', N'Hartford', N'06183', N'United States'),
(N'cf247620-e2a2-4a95-9116-a190e4f109c9', N'Ritchie', N'Torbett', N'523 Pennsylvania Point', N'Emiliano Zapata', N'96818', N'Mexico'),
(N'682e5983-2a12-4773-8380-a2a75af5b900', N'Ripley', N'Vahey', N'73987 Brentwood Court', N'Ocala', N'34479', N'United States'),
(N'5496237d-a67b-4e91-9d44-a31b1dad9424', N'Teri', N'Jacobovitz', N'24 Erie Center', N'Irvine', N'92619', N'United States'),
(N'aae5f23e-289a-4846-a2b7-a59035f2dc32', N'Tyrus', N'Hawksworth', N'9675 Warrior Court', N'Dayton', N'45440', N'United States'),
(N'16fcb931-e182-4e19-b47b-a6a915d89fd4', N'Jack', N'Gidney', N'02596 Sunfield Crossing', N'Houston', N'77281', N'United States'),
(N'7a19056c-a7ef-48b4-a1c3-aa6d52937915', N'Rusty', N'Jonson', N'00 Kenwood Hill', N'Prévost', N'T7Z', N'Canada'),
(N'b02d452a-67c8-4002-8b09-aaf8aa85501e', N'Patten', N'Petrollo', N'3094 Boyd Road', N'Oshawa', N'L1K', N'Canada'),
(N'3b8eab77-ac4b-4a2a-9f82-ab9c220f80bc', N'Lucinda', N'Eldritt', N'1 Evergreen Street', N'La Esperanza', N'87076', N'Mexico'),
(N'7e43c03b-6f85-4943-a09e-ac9858bfc208', N'Stacy', N'Chazelle', N'199 Surrey Place', N'Sutton', N'J5B', N'Canada'),
(N'8fce53b4-8a0a-43ac-9aa5-ac989d880d4a', N'Obadiah', N'Oman', N'6597 Dexter Street', N'Fort Macleod', N'V6S', N'Canada'),
(N'07f30c4a-ac0c-43c7-9d20-affd1fc2998e', N'Goddard', N'Eyton', N'12 Ridge Oak Circle', N'South River', N'P3Y', N'Canada'),
(N'b58dea53-1ebf-46cc-8f61-b9329415821c', N'Sharleen', N'Ferronet', N'24910 Mandrake Avenue', N'Houston', N'77045', N'United States'),
(N'ac575183-de4a-43f2-8b08-bbeb56825a4d', N'Ardelia', N'Macbeth', N'42725 Lakewood Way', N'Sioux City', N'51105', N'United States'),
(N'e87b4600-6025-40df-98d5-bd00c757274c', N'Katrine', N'Northen', N'2 Rigney Drive', N'Oklahoma City', N'73135', N'United States'),
(N'bd6de0de-d376-464e-be41-c31fd5bbd6ab', N'Lizzie', N'Keeffe', N'12 4th Way', N'Lazaro Cardenas', N'61150', N'Mexico'),
(N'50b26b32-464a-4328-900c-c404b07ee9b9', N'Carlita', N'Coning', N'6 Mifflin Court', N'Atlanta', N'31165', N'United States'),
(N'637a1e93-f4d3-43bf-91e5-c59582807e8e', N'Carling', N'Riggs', N'908 Blaine Pass', N'Woodstock', N'E7M', N'Canada'),
(N'f5c1dd8b-7c58-4206-ac8d-c84becb02070', N'Kristi', N'Crevy', N'9023 Sullivan Terrace', N'Azteca', N'93270', N'Mexico'),
(N'e1cf447e-26c6-4b16-819e-cddb4dcd73d3', N'Stephen', N'Abelevitz', N'35022 Michigan Court', N'Irvine', N'92619', N'United States'),
(N'64a29841-1d85-402b-b31d-d389a81b57bb', N'Nikolai', N'Hancell', N'51 Arrowood Terrace', N'Linton', N'BD23', N'United Kingdom'),
(N'416c5c35-236d-4bc7-8dfb-d457c3648d9f', N'Marni', N'Rosoman', N'2115 Truax Point', N'Kansas City', N'64187', N'United States'),
(N'7578d7f0-52c4-4a1e-83d3-d61072138091', N'Ursala', N'Lagneaux', N'384 Memorial Crossing', N'Mont-Royal', N'H5B', N'Canada'),
(N'a2afceb1-4d7e-4e07-aee7-d7406b0af6f7', N'Florencia', N'Buncombe', N'2 Tennyson Hill', N'Huntsville', N'35895', N'United States'),
(N'4bda180e-63b0-43d6-9145-d7928e0d519f', N'Zebulen', N'Grewe', N'485 Sutteridge Point', N'Melita', N'M5L', N'Canada'),
(N'20c677d9-bf85-463e-8bc0-dd91109a9075', N'Manya', N'Breward', N'7463 Leroy Park', N'Benito Juarez', N'68448', N'Mexico'),
(N'ccfd6fc2-30fa-4159-b5eb-df847dbff70f', N'Aurelea', N'Vasyutkin', N'833 Swallow Street', N'Toronto', N'M7A', N'Canada'),
(N'679dcb7f-4782-48a4-bb88-e0cd72365ff3', N'Kim', N'Reckless', N'0643 Hanover Crossing', N'Mobile', N'36689', N'United States'),
(N'cba7923e-fc77-453e-95e6-e1da9ca7a4dc', N'Dulcia', N'Deluce', N'35112 International Road', N'Montréal', N'H5B', N'Canada'),
(N'4d169a49-33b8-4837-beb4-e3ded974cf0c', N'Larine', N'Usborn', N'87127 Florence Park', N'Killam', N'A0A', N'Canada'),
(N'fe4eddca-7378-4283-b59b-e71750b027bf', N'Katee', N'Jakel', N'1 Cardinal Crossing', N'Preston', N'PR1', N'United Kingdom'),
(N'4ce261f3-4a57-4c94-962d-e8dce10ae468', N'Sharai', N'Hards', N'75 Loeprich Court', N'Colorado Springs', N'80920', N'United States'),
(N'd6870d5b-c731-48eb-b335-e9441c37657b', N'Coleman', N'Brunsen', N'132 Ridge Oak Place', N'Boston', N'02114', N'United States'),
(N'9748794b-70dc-479b-9a15-ea024c038247', N'Mathilde', N'Strickland', N'1 Northland Lane', N'Fort Worth', N'76178', N'United States'),
(N'e59c189a-a296-44b3-b500-eba0b8dc28f2', N'Livy', N'Eustes', N'923 Marquette Pass', N'New York City', N'10175', N'United States'),
(N'f9656673-7043-4355-a4bd-ec50c36094d6', N'Berny', N'Wetter', N'43 Bowman Parkway', N'Pentre', N'SY4', N'United Kingdom'),
(N'b135a744-8cb7-4a90-8dd4-eea43c3a4455', N'Ferrel', N'Warham', N'65609 Elmside Alley', N'Sainte-Thérèse', N'J7G', N'Canada'),
(N'54f78724-8f15-4dae-9ef4-eec9d8c3c0c3', N'Roxine', N'Dyers', N'90 Mosinee Hill', N'La Victoria', N'95603', N'Mexico'),
(N'602ddce0-3478-4d4f-a138-f279aa5d5b15', N'Aluin', N'Bosman', N'136 6th Point', N'Daveluyville', N'R3P', N'Canada'),
(N'8d3f0286-dfa0-4ac6-b1aa-f6d0a0d27a18', N'Ellette', N'Thynne', N'62898 Stephen Parkway', N'Santa Rosa', N'95405', N'United States'),
(N'bb95b277-418c-4c54-bccc-f7131b6ba575', N'Babbie', N'Goggey', N'32 Beilfuss Parkway', N'Guadalupe', N'24400', N'Mexico'),
(N'da0f5388-f467-427b-9eee-fd0159d65fd4', N'Augie', N'Kieff', N'4 Redwing Junction', N'Saint Louis', N'63169', N'United States'),
(N'd5164bec-9e46-480c-8287-fe029e4c2324', N'Maryjane', N'Hanscom', N'36808 Mayfield Circle', N'Boucherville', N'J4B', N'Canada'),
(N'a3099209-9de8-49a6-8b6e-fe34a3c7fb33', N'Burgess', N'Debold', N'4318 Shoshone Drive', N'Buckland', N'CT16', N'United Kingdom')
GO

PRINT 'Inserting fake employee records'
GO
INSERT [dbo].[Employee] ([Id], [FirstName], [LastName], [Salary], [ManagerId], [StartDate]) VALUES
(N'6cf1d7e4-0722-4f7a-abd4-067d4f593cad', N'Dieter', N'Enric', 116194.9500, N'eed2b11b-84cd-444e-afd5-b14a0ffec2bc', CAST(N'2022-01-25' AS Date)),
(N'59ec25c1-4855-42b1-85cf-0bc84302f733', N'Genovera', N'Kevane', 136991.2300, N'1320be5b-3c6c-4ba7-9744-745776b0825f', CAST(N'2021-11-18' AS Date)),
(N'b5beecf6-c53b-4eec-a9af-112cb4e6959c', N'Alejandra', N'Everleigh', 99505.3000, N'1320be5b-3c6c-4ba7-9744-745776b0825f', CAST(N'2022-01-16' AS Date)),
(N'eee8a4ec-6a4d-47c8-9db3-130ab839c0ab', N'Alexis', N'Weddell', 122866.9500, N'1b897be8-7c0f-43ae-9789-767c5acf5f2a', CAST(N'2021-11-18' AS Date)),
(N'69b97a91-604a-474a-8978-15833db78064', N'Far', N'Dolley', 140559.2900, N'1320be5b-3c6c-4ba7-9744-745776b0825f', CAST(N'2021-08-30' AS Date)),
(N'1246b845-904f-44d1-bc6e-15a18b228223', N'Ben', N'Marcus', 139174.3800, N'6f0e07b4-40aa-4aec-90ab-d3a80755171b', CAST(N'2021-10-31' AS Date)),
(N'84ced791-c058-4eb9-9371-1aed469b6ca4', N'Giorgio', N'Johanchon', 96650.4300, N'6f0e07b4-40aa-4aec-90ab-d3a80755171b', CAST(N'2022-01-07' AS Date)),
(N'10781302-7058-41a1-b371-1d82eda47b5e', N'Jammie', N'Crocetto', 112436.3300, N'a256794c-28be-4918-af3f-c37805efb4c7', CAST(N'2022-02-03' AS Date)),
(N'2066a870-87ec-41fd-aa81-20c1185b40ae', N'Cammi', N'Bande', 83695.8600, N'85a822dd-240f-4064-993b-f620ad3133f7', CAST(N'2022-02-11' AS Date)),
(N'2f1d2953-b176-4d9a-85cc-20d3cd1c7e52', N'Meriel', N'Kingsland', 108529.6200, N'6f0e07b4-40aa-4aec-90ab-d3a80755171b', CAST(N'2022-05-14' AS Date)),
(N'3682407a-2dd4-440b-b013-21a5cfda2b91', N'Arlinda', N'Munnery', 125467.4800, N'1320be5b-3c6c-4ba7-9744-745776b0825f', CAST(N'2021-12-09' AS Date)),
(N'fee87fa1-3cb4-4ab0-9fd3-235fc3882826', N'Daisey', N'Allingham', 132615.8000, N'6f0e07b4-40aa-4aec-90ab-d3a80755171b', CAST(N'2021-10-11' AS Date)),
(N'6f95508a-16a6-4fa7-a3b7-23683a133b85', N'Gillie', N'Hurton', 77625.6300, N'eed2b11b-84cd-444e-afd5-b14a0ffec2bc', CAST(N'2022-05-23' AS Date)),
(N'cc909a70-40b4-4991-bbda-2d76ccc9b52f', N'Carmela', N'Camelli', 107521.5900, N'6f0e07b4-40aa-4aec-90ab-d3a80755171b', CAST(N'2022-04-14' AS Date)),
(N'9d2a5746-209d-4f7a-b71d-2e2779e9147a', N'Joell', N'Dugan', 130052.2700, N'eed2b11b-84cd-444e-afd5-b14a0ffec2bc', CAST(N'2022-02-12' AS Date)),
(N'4dc2b1cc-3e37-4d01-b5aa-2ea721b4e560', N'Jennette', N'McLay', 93420.8400, N'a256794c-28be-4918-af3f-c37805efb4c7', CAST(N'2022-04-28' AS Date)),
(N'622c77f5-295a-486d-adf4-300cb1bcc577', N'Alene', N'Ciraldo', 140277.4000, N'6f0e07b4-40aa-4aec-90ab-d3a80755171b', CAST(N'2022-05-30' AS Date)),
(N'00749def-93c9-4e1f-bd95-3bea958b832f', N'Halimeda', N'Camerana', 95262.7500, N'85a822dd-240f-4064-993b-f620ad3133f7', CAST(N'2021-10-31' AS Date)),
(N'd10ebeac-928e-4181-88dc-3f2f06dd2ab0', N'Devlin', N'Harsum', 120888.6200, N'85a822dd-240f-4064-993b-f620ad3133f7', CAST(N'2021-09-28' AS Date)),
(N'1c56f6e9-33eb-408b-9ecb-43ed15e4e231', N'Regine', N'Jouaneton', 102936.4300, N'a256794c-28be-4918-af3f-c37805efb4c7', CAST(N'2021-11-06' AS Date)),
(N'79d702e7-81c7-4c43-b5c9-45e6c88663bd', N'Llywellyn', N'Hackney', 127653.5000, N'6f0e07b4-40aa-4aec-90ab-d3a80755171b', CAST(N'2022-04-22' AS Date)),
(N'5941af06-b49c-4f40-b9c1-4615b2740570', N'Katlin', N'Augustus', 132514.5800, N'6f0e07b4-40aa-4aec-90ab-d3a80755171b', CAST(N'2021-09-24' AS Date)),
(N'05e5850e-f25c-48a1-9f28-4b1addd2db01', N'Bald', N'Gunthorp', 71740.8400, N'1b897be8-7c0f-43ae-9789-767c5acf5f2a', CAST(N'2022-04-14' AS Date)),
(N'80591ba5-d5f0-4bee-9ca8-4e8c61058091', N'Teodor', N'Symper', 69941.9200, N'1320be5b-3c6c-4ba7-9744-745776b0825f', CAST(N'2022-02-18' AS Date)),
(N'ad14a27e-97e7-4b31-b3c1-504fab8d8c61', N'Cleo', N'Brandolini', 98995.1200, N'1320be5b-3c6c-4ba7-9744-745776b0825f', CAST(N'2022-05-24' AS Date)),
(N'372c2538-5953-41e2-b379-52f0e2f0c20a', N'Franni', N'Late', 113871.0300, N'1320be5b-3c6c-4ba7-9744-745776b0825f', CAST(N'2022-05-14' AS Date)),
(N'0c3b5ca4-ab33-4ca0-9dbb-59137ca0abf6', N'Ethe', N'Antonazzi', 146142.2500, N'1b897be8-7c0f-43ae-9789-767c5acf5f2a', CAST(N'2021-08-07' AS Date)),
(N'772eca4c-2a9a-46c5-8a11-5bf8bf745fdb', N'Casandra', N'Dreng', 143700.2700, N'6f0e07b4-40aa-4aec-90ab-d3a80755171b', CAST(N'2021-08-01' AS Date)),
(N'6152d1e8-53f4-4f99-98f2-5c9f35a1c126', N'Ric', N'Whapham', 132815.7000, N'eed2b11b-84cd-444e-afd5-b14a0ffec2bc', CAST(N'2022-05-16' AS Date)),
(N'5e80d567-edd1-4c8c-8b8b-5cec54d436ef', N'Mikel', N'Hallad', 107708.4800, N'1b897be8-7c0f-43ae-9789-767c5acf5f2a', CAST(N'2021-12-11' AS Date)),
(N'd2c7e66e-e28e-4be8-a40d-6507d5e1da96', N'Galven', N'Todaro', 61479.7400, N'85a822dd-240f-4064-993b-f620ad3133f7', CAST(N'2021-09-28' AS Date)),
(N'c5be90d7-ba72-4f6f-8860-6682de963349', N'Naomi', N'Klimuk', 98969.3600, N'a256794c-28be-4918-af3f-c37805efb4c7', CAST(N'2022-06-12' AS Date)),
(N'f28ea4e1-d68f-4eb7-8a03-696d5734b3f3', N'Dinny', N'Ellsworthe', 60254.7300, N'6f0e07b4-40aa-4aec-90ab-d3a80755171b', CAST(N'2021-11-01' AS Date)),
(N'efed59cd-743b-4dea-9a64-69aac94ccf95', N'Cherice', N'McGrayle', 88595.2600, N'6f0e07b4-40aa-4aec-90ab-d3a80755171b', CAST(N'2021-07-01' AS Date)),
(N'22268cd5-3be5-44b2-a30f-717cc1f88b50', N'Aubry', N'Fairholme', 68751.3600, N'1320be5b-3c6c-4ba7-9744-745776b0825f', CAST(N'2021-10-22' AS Date)),
(N'089cf825-a07c-42a4-9ad2-73218b2571e9', N'Kristy', N'Mingasson', 73233.0100, N'1320be5b-3c6c-4ba7-9744-745776b0825f', CAST(N'2021-12-26' AS Date)),
(N'1320be5b-3c6c-4ba7-9744-745776b0825f', N'Alysia', N'Kealy', 146382.1400, N'1320be5b-3c6c-4ba7-9744-745776b0825f', CAST(N'2021-11-12' AS Date)),
(N'eddc3cb6-4cdb-4a64-a6cb-753b07d321fb', N'Rupert', N'Signore', 80990.7700, N'6f0e07b4-40aa-4aec-90ab-d3a80755171b', CAST(N'2022-05-21' AS Date)),
(N'1b897be8-7c0f-43ae-9789-767c5acf5f2a', N'Donica', N'McCowen', 145425.4600, N'eed2b11b-84cd-444e-afd5-b14a0ffec2bc', CAST(N'2022-02-20' AS Date)),
(N'5dc3a941-1d6b-437c-bad6-79a181d1e817', N'Juli', N'Daborne', 96433.6500, N'1b897be8-7c0f-43ae-9789-767c5acf5f2a', CAST(N'2022-03-09' AS Date)),
(N'fd39766e-55e2-4e9d-afac-79c39d74686a', N'Shaylyn', N'Bugs', 88761.9900, N'1b897be8-7c0f-43ae-9789-767c5acf5f2a', CAST(N'2021-08-04' AS Date)),
(N'45d74a99-1f76-4369-a77a-7a0f44517a54', N'Wally', N'Vigrass', 118654.9500, N'1b897be8-7c0f-43ae-9789-767c5acf5f2a', CAST(N'2021-12-18' AS Date)),
(N'4b1b0439-8080-447d-8e14-7e282031b2fb', N'Myra', N'Waddingham', 143689.6100, N'1b897be8-7c0f-43ae-9789-767c5acf5f2a', CAST(N'2022-03-04' AS Date)),
(N'b41185fe-9175-4b5c-b488-80ed09bbda61', N'Harriette', N'Bonnell', 106566.4300, N'85a822dd-240f-4064-993b-f620ad3133f7', CAST(N'2021-10-30' AS Date)),
(N'358b5dbc-c2a9-400b-a42e-813e82059d7b', N'Dominik', N'Price', 128172.9400, N'1320be5b-3c6c-4ba7-9744-745776b0825f', CAST(N'2021-10-24' AS Date)),
(N'18b01cfb-e91d-4d71-9c08-81e1ebac8ef5', N'Bob', N'Daintry', 85200.3900, N'6f0e07b4-40aa-4aec-90ab-d3a80755171b', CAST(N'2021-09-01' AS Date)),
(N'8dee66df-68c1-42f9-8224-827f929f3f6e', N'Carmela', N'Osband', 102535.7700, N'1b897be8-7c0f-43ae-9789-767c5acf5f2a', CAST(N'2021-11-22' AS Date)),
(N'f4c6c516-1f4d-4fdd-b766-860c07a8be69', N'Kipp', N'Gobbett', 94145.7800, N'a256794c-28be-4918-af3f-c37805efb4c7', CAST(N'2021-12-10' AS Date)),
(N'156f71d4-3abf-4199-9c4a-86e43011bc6c', N'Rhianon', N'Frankum', 122918.3000, N'85a822dd-240f-4064-993b-f620ad3133f7', CAST(N'2022-05-15' AS Date)),
(N'6a041258-f340-49ba-b019-8730fbde469e', N'Fawne', N'Silcocks', 75491.3300, N'1b897be8-7c0f-43ae-9789-767c5acf5f2a', CAST(N'2021-10-07' AS Date)),
(N'42042ad7-9894-4408-a696-89f7288c0d39', N'Wilmar', N'Millbank', 72688.1500, N'1b897be8-7c0f-43ae-9789-767c5acf5f2a', CAST(N'2021-07-18' AS Date)),
(N'd7225f94-33b4-42df-b45e-8b4e79752ae8', N'Trix', N'Szach', 123558.4700, N'6f0e07b4-40aa-4aec-90ab-d3a80755171b', CAST(N'2022-02-28' AS Date)),
(N'8ec95368-b752-4885-af60-90120a32946c', N'Paige', N'Aveline', 119883.1400, N'a256794c-28be-4918-af3f-c37805efb4c7', CAST(N'2022-02-08' AS Date)),
(N'f3a37a0e-7790-4aac-89bd-91a41a5bc901', N'Louisette', N'Eastway', 143433.1500, N'1b897be8-7c0f-43ae-9789-767c5acf5f2a', CAST(N'2021-10-13' AS Date)),
(N'05a839fc-f5e5-4cd2-94f5-94b021b1ecac', N'Bevvy', N'Banbrick', 68450.4300, N'85a822dd-240f-4064-993b-f620ad3133f7', CAST(N'2022-03-30' AS Date)),
(N'f6bbb2fc-ac9a-4235-8c2f-9535437384dd', N'Franky', N'Geraudy', 139969.1200, N'6f0e07b4-40aa-4aec-90ab-d3a80755171b', CAST(N'2021-11-20' AS Date)),
(N'9de4b300-eecf-4909-b4c0-96352f028ae1', N'Gena', N'Burress', 98020.6200, N'1b897be8-7c0f-43ae-9789-767c5acf5f2a', CAST(N'2022-01-13' AS Date)),
(N'b958ce32-a6f2-4e50-818c-963ec99d096f', N'Marlo', N'Yarnall', 109161.1500, N'1320be5b-3c6c-4ba7-9744-745776b0825f', CAST(N'2021-09-15' AS Date)),
(N'7034bd4d-e5bd-4310-84b2-999a1ef79ac0', N'Susette', N'Purry', 112121.0900, N'1320be5b-3c6c-4ba7-9744-745776b0825f', CAST(N'2021-12-07' AS Date)),
(N'dda7c2a1-58cf-4430-ae72-9b06360699fb', N'Loree', N'Doerren', 103305.0600, N'85a822dd-240f-4064-993b-f620ad3133f7', CAST(N'2021-07-15' AS Date)),
(N'c006922d-6672-4305-8c52-9b2819a11e4c', N'Hartley', N'Clarabut', 103434.8500, N'1b897be8-7c0f-43ae-9789-767c5acf5f2a', CAST(N'2021-07-17' AS Date)),
(N'0058c637-9260-4ae3-b221-9b4e231bc882', N'Edd', N'Tourner', 61482.8400, N'6f0e07b4-40aa-4aec-90ab-d3a80755171b', CAST(N'2021-11-13' AS Date)),
(N'1414572c-e36d-408d-a2ec-9bf05132725b', N'Vaughan', N'Yarnall', 133714.2000, N'1320be5b-3c6c-4ba7-9744-745776b0825f', CAST(N'2022-03-28' AS Date)),
(N'478d78fd-9b19-4842-a167-9c9ac7a347b1', N'Ferdinande', N'Iacovino', 51118.7200, N'85a822dd-240f-4064-993b-f620ad3133f7', CAST(N'2021-09-06' AS Date)),
(N'4a6f0b98-129c-48a9-99bc-9e547faf80c1', N'Elias', N'Hearns', 137586.2400, N'1320be5b-3c6c-4ba7-9744-745776b0825f', CAST(N'2021-06-26' AS Date)),
(N'c1e84a19-782b-42aa-b5d7-9f8e2f4d4e32', N'Gussy', N'de Guise', 148609.3800, N'6f0e07b4-40aa-4aec-90ab-d3a80755171b', CAST(N'2021-07-15' AS Date)),
(N'd22fb4b9-8ef5-4555-ba65-a1ecbb8e1702', N'Blair', N'Keems', 96634.0900, N'1320be5b-3c6c-4ba7-9744-745776b0825f', CAST(N'2022-05-06' AS Date)),
(N'ffc55597-5ca5-457d-9809-a3a2b5df5d81', N'Janeen', N'Sheivels', 109173.5400, N'6f0e07b4-40aa-4aec-90ab-d3a80755171b', CAST(N'2021-08-26' AS Date)),
(N'ee6596d0-1616-4ebc-a2dd-a427533c4a41', N'Cathrin', N'Bamblett', 95532.8200, N'1320be5b-3c6c-4ba7-9744-745776b0825f', CAST(N'2021-08-08' AS Date)),
(N'a38921aa-feb8-4e12-8ff3-a554bcca897b', N'Ephraim', N'Ashbee', 89329.0200, N'6f0e07b4-40aa-4aec-90ab-d3a80755171b', CAST(N'2022-02-27' AS Date)),
(N'f9889414-8f10-49c7-a58d-ab75159795cf', N'Daphene', N'Heatley', 116283.9800, N'1b897be8-7c0f-43ae-9789-767c5acf5f2a', CAST(N'2021-10-27' AS Date)),
(N'eed2b11b-84cd-444e-afd5-b14a0ffec2bc', N'Abigale', N'Bonnavant', 149347.3500, N'eed2b11b-84cd-444e-afd5-b14a0ffec2bc', CAST(N'2022-01-12' AS Date)),
(N'ab805cb6-409b-4d21-84e2-b22ed7f33776', N'Sergeant', N'Danilovich', 111927.1300, N'1320be5b-3c6c-4ba7-9744-745776b0825f', CAST(N'2021-10-26' AS Date)),
(N'32856ccf-1b0a-4310-a995-b4f5b9b942c2', N'Patric', N'Ferdinand', 84016.6000, N'85a822dd-240f-4064-993b-f620ad3133f7', CAST(N'2022-04-22' AS Date)),
(N'6567928f-b27f-45e9-b10e-b56a51c84c44', N'Bartram', N'Rittmeyer', 108554.7100, N'a256794c-28be-4918-af3f-c37805efb4c7', CAST(N'2021-12-29' AS Date)),
(N'096fca54-0269-4d55-906e-b5a3b5864cbf', N'Nelli', N'McLachlan', 89477.6300, N'85a822dd-240f-4064-993b-f620ad3133f7', CAST(N'2021-08-23' AS Date)),
(N'9c70cbb4-c83d-4926-a1b3-ba22ca474c51', N'Anissa', N'Caesar', 127586.1100, N'1b897be8-7c0f-43ae-9789-767c5acf5f2a', CAST(N'2022-01-07' AS Date)),
(N'c979c7f2-2a5d-4f22-8b00-bb38ba126cd1', N'Edita', N'Skepper', 106574.5900, N'6f0e07b4-40aa-4aec-90ab-d3a80755171b', CAST(N'2021-12-29' AS Date)),
(N'e5391d8e-c94f-40f5-ae41-be61c84bdd6e', N'Fabiano', N'Ivers', 127967.0100, N'85a822dd-240f-4064-993b-f620ad3133f7', CAST(N'2021-07-29' AS Date)),
(N'fe07f38b-296e-4965-bb42-c26731eadf22', N'Regine', N'Krolle', 93995.2800, N'1320be5b-3c6c-4ba7-9744-745776b0825f', CAST(N'2022-03-18' AS Date)),
(N'a256794c-28be-4918-af3f-c37805efb4c7', N'Kurt', N'Pattillo', 143585.3900, N'1320be5b-3c6c-4ba7-9744-745776b0825f', CAST(N'2022-03-12' AS Date)),
(N'c49cdd05-da1f-412e-a43f-c3e8a0e46bd3', N'Harv', N'Golsby', 121729.3600, N'85a822dd-240f-4064-993b-f620ad3133f7', CAST(N'2022-04-14' AS Date)),
(N'd7e1a361-e91e-4d55-b924-c4b214ff3493', N'Angie', N'Conduit', 110123.2300, N'1b897be8-7c0f-43ae-9789-767c5acf5f2a', CAST(N'2022-04-20' AS Date)),
(N'68225bd6-f567-432b-9935-c9569e17cfa4', N'Rosie', N'Keyser', 67863.8800, N'1320be5b-3c6c-4ba7-9744-745776b0825f', CAST(N'2022-04-02' AS Date)),
(N'cf564382-4f5b-4216-af07-cc304507fc8a', N'Danya', N'Kierans', 69321.1500, N'1320be5b-3c6c-4ba7-9744-745776b0825f', CAST(N'2021-07-01' AS Date)),
(N'fb0c8bd0-de34-4eaa-a07c-cf13820e6296', N'Boonie', N'Minchinton', 131130.9100, N'eed2b11b-84cd-444e-afd5-b14a0ffec2bc', CAST(N'2021-10-19' AS Date)),
(N'8e3a787e-0e9d-4a33-a9c4-d00921deb589', N'Brunhilda', N'Gilhoolie', 79517.7800, N'85a822dd-240f-4064-993b-f620ad3133f7', CAST(N'2021-10-30' AS Date)),
(N'6f0e07b4-40aa-4aec-90ab-d3a80755171b', N'Cherilynn', N'Fyldes', 148048.8600, N'a256794c-28be-4918-af3f-c37805efb4c7', CAST(N'2022-03-16' AS Date)),
(N'5b0abf23-3cb0-4b0d-9978-d518dcb5d1e1', N'Kristy', N'Stean', 149139.5200, N'1b897be8-7c0f-43ae-9789-767c5acf5f2a', CAST(N'2021-11-02' AS Date)),
(N'2ab824d9-aeb3-4630-951c-d6577e98d61f', N'Mariam', N'Gledhill', 95049.8300, N'1320be5b-3c6c-4ba7-9744-745776b0825f', CAST(N'2022-02-01' AS Date)),
(N'5f1c4eb2-5904-4a9f-9801-d8afcbfc6562', N'Kyle', N'Lamba', 96489.0700, N'a256794c-28be-4918-af3f-c37805efb4c7', CAST(N'2021-08-29' AS Date)),
(N'd02bc52f-f397-4842-8d05-e3d8363c4dd9', N'Margret', N'Roma', 128763.5700, N'a256794c-28be-4918-af3f-c37805efb4c7', CAST(N'2022-04-17' AS Date)),
(N'078b236a-97d8-4464-a787-e675723eeff2', N'Dulcine', N'Pechell', 62393.0200, N'1320be5b-3c6c-4ba7-9744-745776b0825f', CAST(N'2021-10-20' AS Date)),
(N'0e80af34-d865-4b45-b1b1-eae8723627cf', N'Nate', N'Emlin', 136892.3100, N'1b897be8-7c0f-43ae-9789-767c5acf5f2a', CAST(N'2021-06-20' AS Date)),
(N'ca28edb5-94bd-4a34-89fb-eb810ad66f43', N'Arv', N'Chivers', 119547.6300, N'85a822dd-240f-4064-993b-f620ad3133f7', CAST(N'2021-08-19' AS Date)),
(N'c15d23ed-afbf-4871-95d1-eca83dbaaee8', N'Ophelia', N'Kenewell', 95677.9700, N'a256794c-28be-4918-af3f-c37805efb4c7', CAST(N'2021-09-03' AS Date)),
(N'85a822dd-240f-4064-993b-f620ad3133f7', N'Bordie', N'Nuton', 148850.3300, N'a256794c-28be-4918-af3f-c37805efb4c7', CAST(N'2022-02-23' AS Date)),
(N'fef1668c-0878-46d7-8b78-fb98316b1dbb', N'Ody', N'MacKerley', 119591.4100, N'1b897be8-7c0f-43ae-9789-767c5acf5f2a', CAST(N'2021-12-28' AS Date)),
(N'69bd45ae-f595-4b26-b897-fe183bd8670b', N'Paule', N'Leates', 62824.1800, N'6f0e07b4-40aa-4aec-90ab-d3a80755171b', CAST(N'2021-11-29' AS Date)),
(N'6c0b1043-97aa-4494-a0a2-ffa51f04d31e', N'Templeton', N'Castle', 110891.3100, N'1320be5b-3c6c-4ba7-9744-745776b0825f', CAST(N'2022-02-02' AS Date))
GO

PRINT 'Inserting fake order records'
GO
SET IDENTITY_INSERT [dbo].[Order] ON 
GO
INSERT [dbo].[Order] ([Id], [CustomerId], [EmployeeId], [Amount], [Items], [OrderDate]) VALUES 
(1, N'b17bc60f-780e-4190-aa69-8a08c3998846', N'c006922d-6672-4305-8c52-9b2819a11e4c', 844.2200, 23, CAST(N'2020-02-07' AS Date)),
(2, N'91ea4429-e5e2-488a-967b-78d842e91868', N'6a041258-f340-49ba-b019-8730fbde469e', 528.9300, 95, CAST(N'2021-02-10' AS Date)),
(3, N'1b022324-bf5a-4ecb-9495-0cbcd2e2d49d', N'1246b845-904f-44d1-bc6e-15a18b228223', 293.7400, 76, CAST(N'2019-11-15' AS Date)),
(4, N'bd6de0de-d376-464e-be41-c31fd5bbd6ab', N'5b0abf23-3cb0-4b0d-9978-d518dcb5d1e1', 724.9500, 21, CAST(N'2021-03-07' AS Date)),
(5, N'6c4b3826-92fc-4a33-858b-4254e00d4f4b', N'e5391d8e-c94f-40f5-ae41-be61c84bdd6e', 123.1000, 49, CAST(N'2022-05-17' AS Date)),
(6, N'7e43c03b-6f85-4943-a09e-ac9858bfc208', N'156f71d4-3abf-4199-9c4a-86e43011bc6c', 313.8400, 82, CAST(N'2021-04-25' AS Date)),
(7, N'b7311809-6d3a-4c5a-a350-8e40bd567dac', N'9d2a5746-209d-4f7a-b71d-2e2779e9147a', 233.6400, 25, CAST(N'2019-08-28' AS Date)),
(8, N'67253b5a-c17d-48ad-b744-20af49bd41d5', N'8dee66df-68c1-42f9-8224-827f929f3f6e', 934.4700, 60, CAST(N'2022-03-24' AS Date)),
(9, N'e87b4600-6025-40df-98d5-bd00c757274c', N'05a839fc-f5e5-4cd2-94f5-94b021b1ecac', 500.2800, 30, CAST(N'2021-02-02' AS Date)),
(10, N'd5164bec-9e46-480c-8287-fe029e4c2324', N'eee8a4ec-6a4d-47c8-9db3-130ab839c0ab', 225.8900, 80, CAST(N'2020-05-24' AS Date)),
(11, N'f9a706f9-9fcd-4555-a95a-9b66696e55f1', N'efed59cd-743b-4dea-9a64-69aac94ccf95', 119.5900, 55, CAST(N'2022-02-21' AS Date)),
(12, N'602ddce0-3478-4d4f-a138-f279aa5d5b15', N'a256794c-28be-4918-af3f-c37805efb4c7', 425.3100, 13, CAST(N'2020-05-16' AS Date)),
(13, N'168ed2ec-4660-4a54-a049-0c1cb332cf62', N'42042ad7-9894-4408-a696-89f7288c0d39', 665.1600, 36, CAST(N'2022-05-25' AS Date)),
(14, N'a3099209-9de8-49a6-8b6e-fe34a3c7fb33', N'2066a870-87ec-41fd-aa81-20c1185b40ae', 326.9000, 54, CAST(N'2020-02-26' AS Date)),
(15, N'a4a25427-2a05-438d-b51a-51fd2d34f0b5', N'8ec95368-b752-4885-af60-90120a32946c', 723.8100, 98, CAST(N'2019-07-13' AS Date)),
(16, N'3d343e33-e900-46ea-95d5-8b91ebbc6cc3', N'6cf1d7e4-0722-4f7a-abd4-067d4f593cad', 91.9500, 77, CAST(N'2021-05-24' AS Date)),
(17, N'07f30c4a-ac0c-43c7-9d20-affd1fc2998e', N'45d74a99-1f76-4369-a77a-7a0f44517a54', 300.8800, 31, CAST(N'2022-02-06' AS Date)),
(18, N'bdc5d9dc-2ee4-4b78-8f98-33469f732cee', N'078b236a-97d8-4464-a787-e675723eeff2', 61.3600, 52, CAST(N'2020-05-09' AS Date)),
(19, N'da0f5388-f467-427b-9eee-fd0159d65fd4', N'84ced791-c058-4eb9-9371-1aed469b6ca4', 843.6700, 64, CAST(N'2022-01-17' AS Date)),
(20, N'b9e62f74-7619-45be-b679-196c740f8d01', N'f6bbb2fc-ac9a-4235-8c2f-9535437384dd', 129.5100, 48, CAST(N'2020-02-29' AS Date)),
(21, N'884c9ae4-b899-4a5a-9630-23398a7f83ac', N'd22fb4b9-8ef5-4555-ba65-a1ecbb8e1702', 117.1400, 100, CAST(N'2021-03-05' AS Date)),
(22, N'49755ab2-b98c-4bf4-92f9-7531296ec5a2', N'05e5850e-f25c-48a1-9f28-4b1addd2db01', 556.6200, 50, CAST(N'2021-08-17' AS Date)),
(23, N'682e5983-2a12-4773-8380-a2a75af5b900', N'ad14a27e-97e7-4b31-b3c1-504fab8d8c61', 330.3200, 88, CAST(N'2019-12-21' AS Date)),
(24, N'e59c189a-a296-44b3-b500-eba0b8dc28f2', N'c5be90d7-ba72-4f6f-8860-6682de963349', 787.1500, 65, CAST(N'2020-02-28' AS Date)),
(25, N'51a9266d-be19-4ac0-b048-93b2b449bdb2', N'd10ebeac-928e-4181-88dc-3f2f06dd2ab0', 583.4900, 12, CAST(N'2019-11-07' AS Date)),
(26, N'ccfd6fc2-30fa-4159-b5eb-df847dbff70f', N'd2c7e66e-e28e-4be8-a40d-6507d5e1da96', 121.4600, 66, CAST(N'2020-11-17' AS Date)),
(27, N'cf247620-e2a2-4a95-9116-a190e4f109c9', N'1320be5b-3c6c-4ba7-9744-745776b0825f', 36.7900, 25, CAST(N'2021-01-03' AS Date)),
(28, N'aae5f23e-289a-4846-a2b7-a59035f2dc32', N'9c70cbb4-c83d-4926-a1b3-ba22ca474c51', 47.0300, 61, CAST(N'2021-04-18' AS Date)),
(29, N'8417ecf4-0c62-4cf1-910b-20e71b2e5c59', N'b958ce32-a6f2-4e50-818c-963ec99d096f', 181.5600, 90, CAST(N'2022-04-16' AS Date)),
(30, N'0352e1d9-4964-4bd0-b617-6e03173498b3', N'59ec25c1-4855-42b1-85cf-0bc84302f733', 795.5100, 89, CAST(N'2021-03-19' AS Date)),
(31, N'5ac74bd1-f311-4b9c-9844-2b576e3fe7d6', N'4b1b0439-8080-447d-8e14-7e282031b2fb', 539.2100, 48, CAST(N'2019-12-11' AS Date)),
(32, N'8fce53b4-8a0a-43ac-9aa5-ac989d880d4a', N'6f95508a-16a6-4fa7-a3b7-23683a133b85', 635.5100, 50, CAST(N'2020-06-07' AS Date)),
(33, N'8f93967c-6f6b-4a5f-866d-4e297e874ccd', N'ca28edb5-94bd-4a34-89fb-eb810ad66f43', 643.3200, 29, CAST(N'2020-02-26' AS Date)),
(34, N'b02d452a-67c8-4002-8b09-aaf8aa85501e', N'ee6596d0-1616-4ebc-a2dd-a427533c4a41', 484.4700, 34, CAST(N'2019-10-26' AS Date)),
(35, N'e518fb62-d062-48c3-8ad2-71b17a3775a6', N'd02bc52f-f397-4842-8d05-e3d8363c4dd9', 453.9400, 91, CAST(N'2021-03-14' AS Date)),
(36, N'd3df54f5-5642-4f9e-ac4e-76b142373c16', N'3682407a-2dd4-440b-b013-21a5cfda2b91', 590.0400, 32, CAST(N'2020-07-22' AS Date)),
(37, N'4d169a49-33b8-4837-beb4-e3ded974cf0c', N'2f1d2953-b176-4d9a-85cc-20d3cd1c7e52', 834.8400, 43, CAST(N'2021-05-24' AS Date)),
(38, N'd9012056-b371-42d2-ba0b-9a5faf501a26', N'f3a37a0e-7790-4aac-89bd-91a41a5bc901', 990.0400, 29, CAST(N'2021-06-09' AS Date)),
(39, N'317471a6-173e-49f2-889e-9d1ed1e79546', N'd7225f94-33b4-42df-b45e-8b4e79752ae8', 980.4400, 24, CAST(N'2021-04-26' AS Date)),
(40, N'2581159d-127f-492a-a9db-86045973f3b4', N'cf564382-4f5b-4216-af07-cc304507fc8a', 905.2600, 35, CAST(N'2020-01-04' AS Date)),
(41, N'5496237d-a67b-4e91-9d44-a31b1dad9424', N'fb0c8bd0-de34-4eaa-a07c-cf13820e6296', 308.0800, 34, CAST(N'2022-01-01' AS Date)),
(42, N'82f96b1b-5646-42ca-b912-705467bd0c0f', N'f9889414-8f10-49c7-a58d-ab75159795cf', 313.4200, 90, CAST(N'2022-05-22' AS Date)),
(43, N'31b5928b-d5c1-48e0-a8a4-937885a5970e', N'fee87fa1-3cb4-4ab0-9fd3-235fc3882826', 979.6000, 31, CAST(N'2019-07-30' AS Date)),
(44, N'64a29841-1d85-402b-b31d-d389a81b57bb', N'c979c7f2-2a5d-4f22-8b00-bb38ba126cd1', 610.7100, 7, CAST(N'2022-05-22' AS Date)),
(45, N'9c17d29d-2e1e-473a-828a-697037cb8c71', N'5e80d567-edd1-4c8c-8b8b-5cec54d436ef', 848.0900, 51, CAST(N'2021-03-24' AS Date)),
(46, N'f6c415eb-c525-48e1-8da8-84f9f322f0bf', N'd7e1a361-e91e-4d55-b924-c4b214ff3493', 481.6600, 69, CAST(N'2021-09-28' AS Date)),
(47, N'4ce261f3-4a57-4c94-962d-e8dce10ae468', N'0c3b5ca4-ab33-4ca0-9dbb-59137ca0abf6', 831.1900, 56, CAST(N'2019-09-26' AS Date)),
(48, N'b135a744-8cb7-4a90-8dd4-eea43c3a4455', N'6f0e07b4-40aa-4aec-90ab-d3a80755171b', 106.9400, 47, CAST(N'2021-09-30' AS Date)),
(49, N'bc0252c5-e0a1-4df6-ac05-621c2e9456dd', N'1414572c-e36d-408d-a2ec-9bf05132725b', 6.2500, 32, CAST(N'2019-12-25' AS Date)),
(50, N'50b26b32-464a-4328-900c-c404b07ee9b9', N'fd39766e-55e2-4e9d-afac-79c39d74686a', 305.3600, 52, CAST(N'2021-02-24' AS Date)),
(51, N'9748794b-70dc-479b-9a15-ea024c038247', N'772eca4c-2a9a-46c5-8a11-5bf8bf745fdb', 968.5000, 94, CAST(N'2022-06-02' AS Date)),
(52, N'679dcb7f-4782-48a4-bb88-e0cd72365ff3', N'6c0b1043-97aa-4494-a0a2-ffa51f04d31e', 967.8500, 43, CAST(N'2019-09-18' AS Date)),
(53, N'66661131-2f13-4676-887b-92610892668f', N'79d702e7-81c7-4c43-b5c9-45e6c88663bd', 623.5300, 49, CAST(N'2020-05-30' AS Date)),
(54, N'16fcb931-e182-4e19-b47b-a6a915d89fd4', N'f4c6c516-1f4d-4fdd-b766-860c07a8be69', 418.3900, 21, CAST(N'2020-09-16' AS Date)),
(55, N'e1cf447e-26c6-4b16-819e-cddb4dcd73d3', N'32856ccf-1b0a-4310-a995-b4f5b9b942c2', 800.4200, 3, CAST(N'2021-09-23' AS Date)),
(56, N'f5c1dd8b-7c58-4206-ac8d-c84becb02070', N'5941af06-b49c-4f40-b9c1-4615b2740570', 227.0400, 26, CAST(N'2021-11-06' AS Date)),
(57, N'8fa58c41-fe11-4871-8272-523a8fbd57c5', N'68225bd6-f567-432b-9935-c9569e17cfa4', 410.4500, 70, CAST(N'2021-10-28' AS Date)),
(58, N'637a1e93-f4d3-43bf-91e5-c59582807e8e', N'85a822dd-240f-4064-993b-f620ad3133f7', 247.2000, 40, CAST(N'2019-06-28' AS Date)),
(59, N'b58dea53-1ebf-46cc-8f61-b9329415821c', N'5dc3a941-1d6b-437c-bad6-79a181d1e817', 314.0300, 77, CAST(N'2021-11-23' AS Date)),
(60, N'9bc937f2-e092-4d67-af7f-8c83e343890e', N'1b897be8-7c0f-43ae-9789-767c5acf5f2a', 634.9200, 2, CAST(N'2021-04-06' AS Date)),
(61, N'7774530a-e9f2-4b68-9dcf-8bd92ae37a48', N'2ab824d9-aeb3-4630-951c-d6577e98d61f', 623.9600, 44, CAST(N'2021-03-21' AS Date)),
(62, N'8d3f0286-dfa0-4ac6-b1aa-f6d0a0d27a18', N'7034bd4d-e5bd-4310-84b2-999a1ef79ac0', 396.5400, 56, CAST(N'2022-05-05' AS Date)),
(63, N'af201fa1-4824-4299-97fb-8d5ef51ef325', N'fef1668c-0878-46d7-8b78-fb98316b1dbb', 154.8500, 51, CAST(N'2022-02-05' AS Date)),
(64, N'416c5c35-236d-4bc7-8dfb-d457c3648d9f', N'4dc2b1cc-3e37-4d01-b5aa-2ea721b4e560', 788.2600, 1, CAST(N'2019-11-24' AS Date)),
(65, N'c1f95514-7e82-4816-a6fa-80e72326e77c', N'358b5dbc-c2a9-400b-a42e-813e82059d7b', 543.2500, 33, CAST(N'2019-11-09' AS Date)),
(66, N'f0f3b6d2-747b-42d4-b636-43e40633afe3', N'096fca54-0269-4d55-906e-b5a3b5864cbf', 451.6100, 27, CAST(N'2019-11-24' AS Date)),
(67, N'1399aaee-c0a1-49fb-a151-55ea304136f7', N'6152d1e8-53f4-4f99-98f2-5c9f35a1c126', 839.5600, 93, CAST(N'2020-10-10' AS Date)),
(68, N'7578d7f0-52c4-4a1e-83d3-d61072138091', N'22268cd5-3be5-44b2-a30f-717cc1f88b50', 94.6100, 51, CAST(N'2020-04-21' AS Date)),
(69, N'552385b4-c3d8-46a3-8070-5f40b28d9688', N'69b97a91-604a-474a-8978-15833db78064', 360.4700, 23, CAST(N'2020-03-30' AS Date)),
(70, N'3b8eab77-ac4b-4a2a-9f82-ab9c220f80bc', N'a38921aa-feb8-4e12-8ff3-a554bcca897b', 372.0100, 41, CAST(N'2019-09-21' AS Date)),
(71, N'a0d9ebcf-1ee0-491f-b6db-89e9708b4d63', N'eddc3cb6-4cdb-4a64-a6cb-753b07d321fb', 404.9800, 37, CAST(N'2021-05-06' AS Date)),
(72, N'54f78724-8f15-4dae-9ef4-eec9d8c3c0c3', N'00749def-93c9-4e1f-bd95-3bea958b832f', 290.5800, 73, CAST(N'2021-11-26' AS Date)),
(73, N'b092007c-3e6c-4e1e-8217-654f1eaffb5f', N'c49cdd05-da1f-412e-a43f-c3e8a0e46bd3', 483.5400, 49, CAST(N'2021-05-07' AS Date)),
(74, N'd80f7914-a7c7-4efe-9621-06c66a703067', N'69bd45ae-f595-4b26-b897-fe183bd8670b', 732.5900, 61, CAST(N'2020-07-07' AS Date)),
(75, N'1d513d60-fc82-4eed-a938-7aa7aa033918', N'c1e84a19-782b-42aa-b5d7-9f8e2f4d4e32', 531.4400, 50, CAST(N'2021-03-10' AS Date)),
(76, N'4bda180e-63b0-43d6-9145-d7928e0d519f', N'6567928f-b27f-45e9-b10e-b56a51c84c44', 540.7900, 26, CAST(N'2021-02-28' AS Date)),
(77, N'2d042cde-eb49-4ddd-8dd9-7c4abc193aae', N'10781302-7058-41a1-b371-1d82eda47b5e', 243.2600, 46, CAST(N'2020-07-18' AS Date)),
(78, N'ac575183-de4a-43f2-8b08-bbeb56825a4d', N'18b01cfb-e91d-4d71-9c08-81e1ebac8ef5', 939.1100, 30, CAST(N'2020-08-23' AS Date)),
(79, N'8217186f-2c9b-404f-bf62-437418834adf', N'fe07f38b-296e-4965-bb42-c26731eadf22', 654.0900, 19, CAST(N'2021-08-16' AS Date)),
(80, N'b4ce60ae-af36-4c2d-9946-55dfc6472154', N'f28ea4e1-d68f-4eb7-8a03-696d5734b3f3', 227.1300, 63, CAST(N'2021-03-06' AS Date)),
(81, N'c5f0b732-69e4-462f-9dfb-37428f9c88d9', N'c15d23ed-afbf-4871-95d1-eca83dbaaee8', 655.8100, 19, CAST(N'2021-12-10' AS Date)),
(82, N'5afcfeb2-d0c3-4aed-9b13-7e9ed40cebf1', N'dda7c2a1-58cf-4430-ae72-9b06360699fb', 384.9500, 49, CAST(N'2020-04-26' AS Date)),
(83, N'c603e71e-c197-4c0b-9a88-7672d096412a', N'eed2b11b-84cd-444e-afd5-b14a0ffec2bc', 984.8000, 47, CAST(N'2020-10-26' AS Date)),
(84, N'a864b32d-8104-4a85-ba7e-5314940be523', N'b5beecf6-c53b-4eec-a9af-112cb4e6959c', 652.0400, 56, CAST(N'2020-11-10' AS Date)),
(85, N'd6870d5b-c731-48eb-b335-e9441c37657b', N'cc909a70-40b4-4991-bbda-2d76ccc9b52f', 998.1000, 67, CAST(N'2020-05-07' AS Date)),
(86, N'ac2fca20-e16e-4c85-9aa2-2d8b39b73641', N'ab805cb6-409b-4d21-84e2-b22ed7f33776', 172.3300, 13, CAST(N'2020-04-09' AS Date)),
(87, N'bfc7de6e-c77d-4134-b129-4425a0601637', N'80591ba5-d5f0-4bee-9ca8-4e8c61058091', 128.4200, 63, CAST(N'2021-01-14' AS Date)),
(88, N'5c2702e0-2875-4117-a29b-2a6472a3abba', N'4a6f0b98-129c-48a9-99bc-9e547faf80c1', 934.2500, 26, CAST(N'2021-05-17' AS Date)),
(89, N'7a19056c-a7ef-48b4-a1c3-aa6d52937915', N'0e80af34-d865-4b45-b1b1-eae8723627cf', 765.8400, 67, CAST(N'2021-12-15' AS Date)),
(90, N'6417ddc0-d46c-4fe0-abed-2f7a0db3560b', N'ffc55597-5ca5-457d-9809-a3a2b5df5d81', 555.4100, 84, CAST(N'2022-04-22' AS Date)),
(91, N'159f69cc-8dd3-4689-ae4b-2a5ed5380011', N'372c2538-5953-41e2-b379-52f0e2f0c20a', 713.1200, 77, CAST(N'2022-05-18' AS Date)),
(92, N'f9656673-7043-4355-a4bd-ec50c36094d6', N'478d78fd-9b19-4842-a167-9c9ac7a347b1', 408.8700, 98, CAST(N'2019-09-16' AS Date)),
(93, N'a2afceb1-4d7e-4e07-aee7-d7406b0af6f7', N'622c77f5-295a-486d-adf4-300cb1bcc577', 866.1100, 52, CAST(N'2021-02-12' AS Date)),
(94, N'cba7923e-fc77-453e-95e6-e1da9ca7a4dc', N'089cf825-a07c-42a4-9ad2-73218b2571e9', 772.9800, 46, CAST(N'2020-05-16' AS Date)),
(95, N'c3aaf915-d3f3-459f-a10c-9acfb5fba2a5', N'9de4b300-eecf-4909-b4c0-96352f028ae1', 261.6700, 69, CAST(N'2021-01-17' AS Date)),
(96, N'f606e469-39b3-4b08-8127-9e47ca43364c', N'8e3a787e-0e9d-4a33-a9c4-d00921deb589', 234.9200, 4, CAST(N'2019-08-09' AS Date)),
(97, N'bb95b277-418c-4c54-bccc-f7131b6ba575', N'b41185fe-9175-4b5c-b488-80ed09bbda61', 584.4600, 16, CAST(N'2022-03-20' AS Date)),
(98, N'fe4eddca-7378-4283-b59b-e71750b027bf', N'5f1c4eb2-5904-4a9f-9801-d8afcbfc6562', 413.6800, 2, CAST(N'2021-09-12' AS Date)),
(99, N'20c677d9-bf85-463e-8bc0-dd91109a9075', N'1c56f6e9-33eb-408b-9ecb-43ed15e4e231', 591.4000, 29, CAST(N'2020-06-29' AS Date)),
(100, N'c7eec6c9-6b64-4119-ab29-817c6f5c74da', N'59ec25c1-4855-42b1-85cf-0bc84302f733', 388.8100, 12, CAST(N'2020-12-18' AS Date)),
(101, N'4d169a49-33b8-4837-beb4-e3ded974cf0c', N'fd39766e-55e2-4e9d-afac-79c39d74686a', 669.4300, 12, CAST(N'2021-08-13' AS Date)),
(102, N'317471a6-173e-49f2-889e-9d1ed1e79546', N'c15d23ed-afbf-4871-95d1-eca83dbaaee8', 612.3800, 16, CAST(N'2021-05-01' AS Date)),
(103, N'8217186f-2c9b-404f-bf62-437418834adf', N'fef1668c-0878-46d7-8b78-fb98316b1dbb', 601.2100, 53, CAST(N'2020-09-12' AS Date)),
(104, N'da0f5388-f467-427b-9eee-fd0159d65fd4', N'b41185fe-9175-4b5c-b488-80ed09bbda61', 929.1700, 44, CAST(N'2022-03-08' AS Date)),
(105, N'5496237d-a67b-4e91-9d44-a31b1dad9424', N'10781302-7058-41a1-b371-1d82eda47b5e', 551.4200, 94, CAST(N'2022-01-08' AS Date)),
(106, N'a0d9ebcf-1ee0-491f-b6db-89e9708b4d63', N'622c77f5-295a-486d-adf4-300cb1bcc577', 606.8100, 1, CAST(N'2020-12-18' AS Date)),
(107, N'67253b5a-c17d-48ad-b744-20af49bd41d5', N'096fca54-0269-4d55-906e-b5a3b5864cbf', 523.5800, 39, CAST(N'2020-05-13' AS Date)),
(108, N'ac575183-de4a-43f2-8b08-bbeb56825a4d', N'69bd45ae-f595-4b26-b897-fe183bd8670b', 642.9100, 24, CAST(N'2021-12-18' AS Date)),
(109, N'682e5983-2a12-4773-8380-a2a75af5b900', N'cc909a70-40b4-4991-bbda-2d76ccc9b52f', 346.1600, 70, CAST(N'2022-04-12' AS Date)),
(110, N'159f69cc-8dd3-4689-ae4b-2a5ed5380011', N'0058c637-9260-4ae3-b221-9b4e231bc882', 285.4600, 72, CAST(N'2020-03-20' AS Date)),
(111, N'679dcb7f-4782-48a4-bb88-e0cd72365ff3', N'ca28edb5-94bd-4a34-89fb-eb810ad66f43', 433.9800, 55, CAST(N'2021-11-04' AS Date)),
(112, N'b9e62f74-7619-45be-b679-196c740f8d01', N'6567928f-b27f-45e9-b10e-b56a51c84c44', 665.7200, 88, CAST(N'2021-10-28' AS Date)),
(113, N'7578d7f0-52c4-4a1e-83d3-d61072138091', N'f6bbb2fc-ac9a-4235-8c2f-9535437384dd', 343.1200, 49, CAST(N'2020-05-02' AS Date)),
(114, N'9c17d29d-2e1e-473a-828a-697037cb8c71', N'd02bc52f-f397-4842-8d05-e3d8363c4dd9', 391.6500, 60, CAST(N'2021-12-30' AS Date)),
(115, N'c7eec6c9-6b64-4119-ab29-817c6f5c74da', N'4a6f0b98-129c-48a9-99bc-9e547faf80c1', 323.4300, 20, CAST(N'2021-10-09' AS Date)),
(116, N'a4a25427-2a05-438d-b51a-51fd2d34f0b5', N'c49cdd05-da1f-412e-a43f-c3e8a0e46bd3', 912.6600, 2, CAST(N'2019-07-14' AS Date)),
(117, N'8f93967c-6f6b-4a5f-866d-4e297e874ccd', N'089cf825-a07c-42a4-9ad2-73218b2571e9', 925.7100, 69, CAST(N'2022-04-19' AS Date)),
(118, N'8fce53b4-8a0a-43ac-9aa5-ac989d880d4a', N'6a041258-f340-49ba-b019-8730fbde469e', 83.4500, 30, CAST(N'2020-09-21' AS Date)),
(119, N'bfc7de6e-c77d-4134-b129-4425a0601637', N'9de4b300-eecf-4909-b4c0-96352f028ae1', 169.1800, 22, CAST(N'2020-02-20' AS Date)),
(120, N'5afcfeb2-d0c3-4aed-9b13-7e9ed40cebf1', N'372c2538-5953-41e2-b379-52f0e2f0c20a', 389.8700, 25, CAST(N'2019-09-24' AS Date)),
(121, N'7774530a-e9f2-4b68-9dcf-8bd92ae37a48', N'd10ebeac-928e-4181-88dc-3f2f06dd2ab0', 294.1600, 28, CAST(N'2019-11-14' AS Date)),
(122, N'1b022324-bf5a-4ecb-9495-0cbcd2e2d49d', N'ab805cb6-409b-4d21-84e2-b22ed7f33776', 84.7900, 7, CAST(N'2020-02-29' AS Date)),
(123, N'cf247620-e2a2-4a95-9116-a190e4f109c9', N'8dee66df-68c1-42f9-8224-827f929f3f6e', 316.1900, 14, CAST(N'2022-01-02' AS Date)),
(124, N'ac2fca20-e16e-4c85-9aa2-2d8b39b73641', N'dda7c2a1-58cf-4430-ae72-9b06360699fb', 632.8200, 91, CAST(N'2020-12-01' AS Date)),
(125, N'a864b32d-8104-4a85-ba7e-5314940be523', N'1b897be8-7c0f-43ae-9789-767c5acf5f2a', 394.6000, 97, CAST(N'2021-02-03' AS Date)),
(126, N'0352e1d9-4964-4bd0-b617-6e03173498b3', N'05e5850e-f25c-48a1-9f28-4b1addd2db01', 936.0400, 48, CAST(N'2021-04-25' AS Date)),
(127, N'bc0252c5-e0a1-4df6-ac05-621c2e9456dd', N'1320be5b-3c6c-4ba7-9744-745776b0825f', 625.8900, 39, CAST(N'2019-10-15' AS Date)),
(128, N'9748794b-70dc-479b-9a15-ea024c038247', N'6f0e07b4-40aa-4aec-90ab-d3a80755171b', 570.6100, 6, CAST(N'2019-06-24' AS Date)),
(129, N'7a19056c-a7ef-48b4-a1c3-aa6d52937915', N'8ec95368-b752-4885-af60-90120a32946c', 204.3500, 77, CAST(N'2021-06-11' AS Date)),
(130, N'e518fb62-d062-48c3-8ad2-71b17a3775a6', N'6152d1e8-53f4-4f99-98f2-5c9f35a1c126', 87.7900, 87, CAST(N'2021-07-27' AS Date)),
(131, N'f606e469-39b3-4b08-8127-9e47ca43364c', N'1246b845-904f-44d1-bc6e-15a18b228223', 730.5900, 88, CAST(N'2022-02-17' AS Date)),
(132, N'c1f95514-7e82-4816-a6fa-80e72326e77c', N'32856ccf-1b0a-4310-a995-b4f5b9b942c2', 997.3900, 30, CAST(N'2021-11-01' AS Date)),
(133, N'54f78724-8f15-4dae-9ef4-eec9d8c3c0c3', N'80591ba5-d5f0-4bee-9ca8-4e8c61058091', 300.7800, 81, CAST(N'2021-02-13' AS Date)),
(134, N'1d513d60-fc82-4eed-a938-7aa7aa033918', N'79d702e7-81c7-4c43-b5c9-45e6c88663bd', 736.6300, 85, CAST(N'2020-11-25' AS Date)),
(135, N'd5164bec-9e46-480c-8287-fe029e4c2324', N'84ced791-c058-4eb9-9371-1aed469b6ca4', 26.3700, 8, CAST(N'2021-02-25' AS Date)),
(136, N'd6870d5b-c731-48eb-b335-e9441c37657b', N'5b0abf23-3cb0-4b0d-9978-d518dcb5d1e1', 522.0900, 70, CAST(N'2020-08-31' AS Date)),
(137, N'e1cf447e-26c6-4b16-819e-cddb4dcd73d3', N'f9889414-8f10-49c7-a58d-ab75159795cf', 213.3300, 24, CAST(N'2022-01-27' AS Date)),
(138, N'e87b4600-6025-40df-98d5-bd00c757274c', N'd22fb4b9-8ef5-4555-ba65-a1ecbb8e1702', 337.6500, 70, CAST(N'2021-09-12' AS Date)),
(139, N'b02d452a-67c8-4002-8b09-aaf8aa85501e', N'9d2a5746-209d-4f7a-b71d-2e2779e9147a', 189.7400, 74, CAST(N'2020-05-11' AS Date)),
(140, N'bd6de0de-d376-464e-be41-c31fd5bbd6ab', N'cf564382-4f5b-4216-af07-cc304507fc8a', 265.0300, 73, CAST(N'2020-11-07' AS Date)),
(141, N'd9012056-b371-42d2-ba0b-9a5faf501a26', N'05a839fc-f5e5-4cd2-94f5-94b021b1ecac', 835.5900, 68, CAST(N'2022-02-16' AS Date)),
(142, N'b17bc60f-780e-4190-aa69-8a08c3998846', N'd7e1a361-e91e-4d55-b924-c4b214ff3493', 729.1100, 35, CAST(N'2020-10-09' AS Date)),
(143, N'f9a706f9-9fcd-4555-a95a-9b66696e55f1', N'0c3b5ca4-ab33-4ca0-9dbb-59137ca0abf6', 641.1000, 32, CAST(N'2022-04-09' AS Date)),
(144, N'4ce261f3-4a57-4c94-962d-e8dce10ae468', N'c5be90d7-ba72-4f6f-8860-6682de963349', 847.9800, 9, CAST(N'2021-11-28' AS Date)),
(145, N'd80f7914-a7c7-4efe-9621-06c66a703067', N'fb0c8bd0-de34-4eaa-a07c-cf13820e6296', 227.8100, 95, CAST(N'2021-02-17' AS Date)),
(146, N'51a9266d-be19-4ac0-b048-93b2b449bdb2', N'6f95508a-16a6-4fa7-a3b7-23683a133b85', 705.2300, 18, CAST(N'2019-10-26' AS Date)),
(147, N'4bda180e-63b0-43d6-9145-d7928e0d519f', N'00749def-93c9-4e1f-bd95-3bea958b832f', 394.8100, 96, CAST(N'2020-02-11' AS Date)),
(148, N'07f30c4a-ac0c-43c7-9d20-affd1fc2998e', N'd2c7e66e-e28e-4be8-a40d-6507d5e1da96', 858.3200, 24, CAST(N'2022-05-19' AS Date)),
(149, N'49755ab2-b98c-4bf4-92f9-7531296ec5a2', N'1c56f6e9-33eb-408b-9ecb-43ed15e4e231', 639.2400, 73, CAST(N'2021-11-15' AS Date)),
(150, N'91ea4429-e5e2-488a-967b-78d842e91868', N'ee6596d0-1616-4ebc-a2dd-a427533c4a41', 700.1800, 99, CAST(N'2020-01-24' AS Date)),
(151, N'1399aaee-c0a1-49fb-a151-55ea304136f7', N'a256794c-28be-4918-af3f-c37805efb4c7', 461.2700, 83, CAST(N'2019-07-12' AS Date)),
(152, N'bdc5d9dc-2ee4-4b78-8f98-33469f732cee', N'7034bd4d-e5bd-4310-84b2-999a1ef79ac0', 19.4000, 18, CAST(N'2022-03-14' AS Date)),
(153, N'e59c189a-a296-44b3-b500-eba0b8dc28f2', N'85a822dd-240f-4064-993b-f620ad3133f7', 45.7600, 74, CAST(N'2020-03-17' AS Date)),
(154, N'b58dea53-1ebf-46cc-8f61-b9329415821c', N'ad14a27e-97e7-4b31-b3c1-504fab8d8c61', 340.5600, 34, CAST(N'2020-12-01' AS Date)),
(155, N'7e43c03b-6f85-4943-a09e-ac9858bfc208', N'a38921aa-feb8-4e12-8ff3-a554bcca897b', 426.5000, 29, CAST(N'2022-06-08' AS Date)),
(156, N'416c5c35-236d-4bc7-8dfb-d457c3648d9f', N'2f1d2953-b176-4d9a-85cc-20d3cd1c7e52', 446.7800, 58, CAST(N'2022-03-29' AS Date)),
(157, N'9bc937f2-e092-4d67-af7f-8c83e343890e', N'6c0b1043-97aa-4494-a0a2-ffa51f04d31e', 616.2000, 84, CAST(N'2022-06-10' AS Date)),
(158, N'aae5f23e-289a-4846-a2b7-a59035f2dc32', N'358b5dbc-c2a9-400b-a42e-813e82059d7b', 903.1900, 23, CAST(N'2021-12-07' AS Date)),
(159, N'64a29841-1d85-402b-b31d-d389a81b57bb', N'18b01cfb-e91d-4d71-9c08-81e1ebac8ef5', 577.6300, 10, CAST(N'2020-06-08' AS Date)),
(160, N'16fcb931-e182-4e19-b47b-a6a915d89fd4', N'5dc3a941-1d6b-437c-bad6-79a181d1e817', 541.7800, 62, CAST(N'2021-09-13' AS Date)),
(161, N'c5f0b732-69e4-462f-9dfb-37428f9c88d9', N'eddc3cb6-4cdb-4a64-a6cb-753b07d321fb', 871.0000, 13, CAST(N'2021-01-28' AS Date)),
(162, N'8417ecf4-0c62-4cf1-910b-20e71b2e5c59', N'2ab824d9-aeb3-4630-951c-d6577e98d61f', 910.2000, 77, CAST(N'2020-03-24' AS Date)),
(163, N'602ddce0-3478-4d4f-a138-f279aa5d5b15', N'e5391d8e-c94f-40f5-ae41-be61c84bdd6e', 333.0400, 80, CAST(N'2022-06-05' AS Date)),
(164, N'3b8eab77-ac4b-4a2a-9f82-ab9c220f80bc', N'eed2b11b-84cd-444e-afd5-b14a0ffec2bc', 98.0300, 44, CAST(N'2019-08-15' AS Date)),
(165, N'50b26b32-464a-4328-900c-c404b07ee9b9', N'd7225f94-33b4-42df-b45e-8b4e79752ae8', 178.6900, 86, CAST(N'2021-03-17' AS Date)),
(166, N'31b5928b-d5c1-48e0-a8a4-937885a5970e', N'478d78fd-9b19-4842-a167-9c9ac7a347b1', 369.5800, 83, CAST(N'2021-07-09' AS Date)),
(167, N'20c677d9-bf85-463e-8bc0-dd91109a9075', N'6cf1d7e4-0722-4f7a-abd4-067d4f593cad', 656.7700, 16, CAST(N'2020-10-06' AS Date)),
(168, N'fe4eddca-7378-4283-b59b-e71750b027bf', N'eee8a4ec-6a4d-47c8-9db3-130ab839c0ab', 994.7800, 8, CAST(N'2019-09-27' AS Date)),
(169, N'8d3f0286-dfa0-4ac6-b1aa-f6d0a0d27a18', N'5e80d567-edd1-4c8c-8b8b-5cec54d436ef', 317.0500, 63, CAST(N'2020-07-03' AS Date)),
(170, N'a2afceb1-4d7e-4e07-aee7-d7406b0af6f7', N'0e80af34-d865-4b45-b1b1-eae8723627cf', 571.8600, 47, CAST(N'2019-11-08' AS Date)),
(171, N'b4ce60ae-af36-4c2d-9946-55dfc6472154', N'c006922d-6672-4305-8c52-9b2819a11e4c', 69.0900, 70, CAST(N'2020-12-19' AS Date)),
(172, N'd3df54f5-5642-4f9e-ac4e-76b142373c16', N'5941af06-b49c-4f40-b9c1-4615b2740570', 976.9500, 96, CAST(N'2022-03-14' AS Date)),
(173, N'f5c1dd8b-7c58-4206-ac8d-c84becb02070', N'22268cd5-3be5-44b2-a30f-717cc1f88b50', 978.1700, 40, CAST(N'2021-05-11' AS Date)),
(174, N'f6c415eb-c525-48e1-8da8-84f9f322f0bf', N'772eca4c-2a9a-46c5-8a11-5bf8bf745fdb', 992.3600, 68, CAST(N'2022-01-19' AS Date)),
(175, N'6c4b3826-92fc-4a33-858b-4254e00d4f4b', N'4dc2b1cc-3e37-4d01-b5aa-2ea721b4e560', 47.6900, 50, CAST(N'2021-02-18' AS Date)),
(176, N'5ac74bd1-f311-4b9c-9844-2b576e3fe7d6', N'f28ea4e1-d68f-4eb7-8a03-696d5734b3f3', 813.5300, 46, CAST(N'2019-10-25' AS Date)),
(177, N'f9656673-7043-4355-a4bd-ec50c36094d6', N'42042ad7-9894-4408-a696-89f7288c0d39', 397.7100, 6, CAST(N'2021-08-05' AS Date)),
(178, N'637a1e93-f4d3-43bf-91e5-c59582807e8e', N'156f71d4-3abf-4199-9c4a-86e43011bc6c', 978.6900, 39, CAST(N'2020-11-23' AS Date)),
(179, N'884c9ae4-b899-4a5a-9630-23398a7f83ac', N'68225bd6-f567-432b-9935-c9569e17cfa4', 84.2400, 57, CAST(N'2019-07-03' AS Date)),
(180, N'5c2702e0-2875-4117-a29b-2a6472a3abba', N'4b1b0439-8080-447d-8e14-7e282031b2fb', 163.2600, 93, CAST(N'2020-04-23' AS Date)),
(181, N'b7311809-6d3a-4c5a-a350-8e40bd567dac', N'fee87fa1-3cb4-4ab0-9fd3-235fc3882826', 168.2100, 98, CAST(N'2019-07-10' AS Date)),
(182, N'cba7923e-fc77-453e-95e6-e1da9ca7a4dc', N'c1e84a19-782b-42aa-b5d7-9f8e2f4d4e32', 513.4800, 37, CAST(N'2021-02-02' AS Date)),
(183, N'bb95b277-418c-4c54-bccc-f7131b6ba575', N'1414572c-e36d-408d-a2ec-9bf05132725b', 555.2900, 88, CAST(N'2021-10-01' AS Date)),
(184, N'3d343e33-e900-46ea-95d5-8b91ebbc6cc3', N'5f1c4eb2-5904-4a9f-9801-d8afcbfc6562', 606.5300, 27, CAST(N'2019-11-07' AS Date)),
(185, N'168ed2ec-4660-4a54-a049-0c1cb332cf62', N'45d74a99-1f76-4369-a77a-7a0f44517a54', 808.0200, 38, CAST(N'2021-08-17' AS Date)),
(186, N'2d042cde-eb49-4ddd-8dd9-7c4abc193aae', N'fe07f38b-296e-4965-bb42-c26731eadf22', 484.0300, 58, CAST(N'2020-09-17' AS Date)),
(187, N'c603e71e-c197-4c0b-9a88-7672d096412a', N'3682407a-2dd4-440b-b013-21a5cfda2b91', 392.2100, 55, CAST(N'2019-08-01' AS Date)),
(188, N'8fa58c41-fe11-4871-8272-523a8fbd57c5', N'b5beecf6-c53b-4eec-a9af-112cb4e6959c', 876.5600, 4, CAST(N'2020-04-12' AS Date)),
(189, N'a3099209-9de8-49a6-8b6e-fe34a3c7fb33', N'078b236a-97d8-4464-a787-e675723eeff2', 26.3700, 37, CAST(N'2022-06-11' AS Date)),
(190, N'b092007c-3e6c-4e1e-8217-654f1eaffb5f', N'9c70cbb4-c83d-4926-a1b3-ba22ca474c51', 501.1000, 14, CAST(N'2021-06-10' AS Date)),
(191, N'c3aaf915-d3f3-459f-a10c-9acfb5fba2a5', N'8e3a787e-0e9d-4a33-a9c4-d00921deb589', 667.4500, 14, CAST(N'2020-05-25' AS Date)),
(192, N'b135a744-8cb7-4a90-8dd4-eea43c3a4455', N'ffc55597-5ca5-457d-9809-a3a2b5df5d81', 208.3700, 15, CAST(N'2021-05-26' AS Date)),
(193, N'f0f3b6d2-747b-42d4-b636-43e40633afe3', N'b958ce32-a6f2-4e50-818c-963ec99d096f', 848.6800, 11, CAST(N'2020-02-01' AS Date)),
(194, N'66661131-2f13-4676-887b-92610892668f', N'f3a37a0e-7790-4aac-89bd-91a41a5bc901', 468.3700, 79, CAST(N'2020-01-06' AS Date)),
(195, N'af201fa1-4824-4299-97fb-8d5ef51ef325', N'f4c6c516-1f4d-4fdd-b766-860c07a8be69', 870.6700, 18, CAST(N'2020-04-02' AS Date)),
(196, N'82f96b1b-5646-42ca-b912-705467bd0c0f', N'69b97a91-604a-474a-8978-15833db78064', 14.1600, 72, CAST(N'2019-11-29' AS Date)),
(197, N'ccfd6fc2-30fa-4159-b5eb-df847dbff70f', N'c979c7f2-2a5d-4f22-8b00-bb38ba126cd1', 647.2300, 18, CAST(N'2021-06-02' AS Date)),
(198, N'2581159d-127f-492a-a9db-86045973f3b4', N'2066a870-87ec-41fd-aa81-20c1185b40ae', 302.3300, 36, CAST(N'2021-05-15' AS Date)),
(199, N'552385b4-c3d8-46a3-8070-5f40b28d9688', N'd10ebeac-928e-4181-88dc-3f2f06dd2ab0', 689.7200, 48, CAST(N'2020-05-17' AS Date)),
(200, N'6417ddc0-d46c-4fe0-abed-2f7a0db3560b', N'ca28edb5-94bd-4a34-89fb-eb810ad66f43', 301.9300, 22, CAST(N'2021-02-01' AS Date)),
(201, N'49755ab2-b98c-4bf4-92f9-7531296ec5a2', N'1246b845-904f-44d1-bc6e-15a18b228223', 976.0900, 46, CAST(N'2022-01-04' AS Date)),
(202, N'8217186f-2c9b-404f-bf62-437418834adf', N'0c3b5ca4-ab33-4ca0-9dbb-59137ca0abf6', 362.8400, 81, CAST(N'2021-08-29' AS Date)),
(203, N'c603e71e-c197-4c0b-9a88-7672d096412a', N'9d2a5746-209d-4f7a-b71d-2e2779e9147a', 826.6600, 44, CAST(N'2020-06-05' AS Date)),
(204, N'1d513d60-fc82-4eed-a938-7aa7aa033918', N'32856ccf-1b0a-4310-a995-b4f5b9b942c2', 706.5300, 70, CAST(N'2020-09-15' AS Date)),
(205, N'8f93967c-6f6b-4a5f-866d-4e297e874ccd', N'ffc55597-5ca5-457d-9809-a3a2b5df5d81', 623.5000, 100, CAST(N'2021-11-03' AS Date)),
(206, N'168ed2ec-4660-4a54-a049-0c1cb332cf62', N'096fca54-0269-4d55-906e-b5a3b5864cbf', 334.4500, 19, CAST(N'2021-12-30' AS Date)),
(207, N'416c5c35-236d-4bc7-8dfb-d457c3648d9f', N'c49cdd05-da1f-412e-a43f-c3e8a0e46bd3', 825.5200, 96, CAST(N'2021-10-16' AS Date)),
(208, N'd3df54f5-5642-4f9e-ac4e-76b142373c16', N'05a839fc-f5e5-4cd2-94f5-94b021b1ecac', 407.5000, 55, CAST(N'2020-12-20' AS Date)),
(209, N'2d042cde-eb49-4ddd-8dd9-7c4abc193aae', N'b5beecf6-c53b-4eec-a9af-112cb4e6959c', 448.2500, 78, CAST(N'2019-09-03' AS Date)),
(210, N'51a9266d-be19-4ac0-b048-93b2b449bdb2', N'5f1c4eb2-5904-4a9f-9801-d8afcbfc6562', 221.2100, 59, CAST(N'2021-07-15' AS Date)),
(211, N'c1f95514-7e82-4816-a6fa-80e72326e77c', N'4b1b0439-8080-447d-8e14-7e282031b2fb', 978.1000, 83, CAST(N'2021-04-30' AS Date)),
(212, N'f6c415eb-c525-48e1-8da8-84f9f322f0bf', N'eddc3cb6-4cdb-4a64-a6cb-753b07d321fb', 452.4100, 46, CAST(N'2020-12-19' AS Date)),
(213, N'f606e469-39b3-4b08-8127-9e47ca43364c', N'eed2b11b-84cd-444e-afd5-b14a0ffec2bc', 326.4800, 62, CAST(N'2021-11-24' AS Date)),
(214, N'd6870d5b-c731-48eb-b335-e9441c37657b', N'5b0abf23-3cb0-4b0d-9978-d518dcb5d1e1', 517.0200, 90, CAST(N'2021-04-25' AS Date)),
(215, N'e1cf447e-26c6-4b16-819e-cddb4dcd73d3', N'00749def-93c9-4e1f-bd95-3bea958b832f', 436.2800, 95, CAST(N'2022-01-01' AS Date)),
(216, N'0352e1d9-4964-4bd0-b617-6e03173498b3', N'f9889414-8f10-49c7-a58d-ab75159795cf', 474.4900, 48, CAST(N'2020-04-02' AS Date)),
(217, N'b9e62f74-7619-45be-b679-196c740f8d01', N'6c0b1043-97aa-4494-a0a2-ffa51f04d31e', 869.3100, 21, CAST(N'2020-02-09' AS Date)),
(218, N'c3aaf915-d3f3-459f-a10c-9acfb5fba2a5', N'10781302-7058-41a1-b371-1d82eda47b5e', 957.5500, 87, CAST(N'2021-08-22' AS Date)),
(219, N'5496237d-a67b-4e91-9d44-a31b1dad9424', N'2f1d2953-b176-4d9a-85cc-20d3cd1c7e52', 442.3100, 99, CAST(N'2022-02-26' AS Date)),
(220, N'b092007c-3e6c-4e1e-8217-654f1eaffb5f', N'3682407a-2dd4-440b-b013-21a5cfda2b91', 220.9500, 91, CAST(N'2020-03-10' AS Date)),
(221, N'ac2fca20-e16e-4c85-9aa2-2d8b39b73641', N'c15d23ed-afbf-4871-95d1-eca83dbaaee8', 93.0700, 33, CAST(N'2021-05-17' AS Date)),
(222, N'8fce53b4-8a0a-43ac-9aa5-ac989d880d4a', N'ad14a27e-97e7-4b31-b3c1-504fab8d8c61', 129.4900, 100, CAST(N'2020-03-06' AS Date)),
(223, N'f0f3b6d2-747b-42d4-b636-43e40633afe3', N'8dee66df-68c1-42f9-8224-827f929f3f6e', 37.2600, 89, CAST(N'2020-01-28' AS Date)),
(224, N'bfc7de6e-c77d-4134-b129-4425a0601637', N'7034bd4d-e5bd-4310-84b2-999a1ef79ac0', 668.6800, 9, CAST(N'2021-08-09' AS Date)),
(225, N'8417ecf4-0c62-4cf1-910b-20e71b2e5c59', N'a38921aa-feb8-4e12-8ff3-a554bcca897b', 151.9000, 29, CAST(N'2019-10-20' AS Date)),
(226, N'8fa58c41-fe11-4871-8272-523a8fbd57c5', N'45d74a99-1f76-4369-a77a-7a0f44517a54', 242.3200, 39, CAST(N'2019-10-31' AS Date)),
(227, N'64a29841-1d85-402b-b31d-d389a81b57bb', N'1414572c-e36d-408d-a2ec-9bf05132725b', 968.8600, 88, CAST(N'2021-12-11' AS Date)),
(228, N'd5164bec-9e46-480c-8287-fe029e4c2324', N'2066a870-87ec-41fd-aa81-20c1185b40ae', 767.8700, 62, CAST(N'2020-12-01' AS Date)),
(229, N'7e43c03b-6f85-4943-a09e-ac9858bfc208', N'd02bc52f-f397-4842-8d05-e3d8363c4dd9', 936.6900, 72, CAST(N'2019-11-04' AS Date)),
(230, N'884c9ae4-b899-4a5a-9630-23398a7f83ac', N'372c2538-5953-41e2-b379-52f0e2f0c20a', 159.6400, 51, CAST(N'2020-06-09' AS Date)),
(231, N'07f30c4a-ac0c-43c7-9d20-affd1fc2998e', N'05e5850e-f25c-48a1-9f28-4b1addd2db01', 724.0600, 47, CAST(N'2020-11-16' AS Date)),
(232, N'af201fa1-4824-4299-97fb-8d5ef51ef325', N'8ec95368-b752-4885-af60-90120a32946c', 49.6600, 53, CAST(N'2020-12-19' AS Date)),
(233, N'5ac74bd1-f311-4b9c-9844-2b576e3fe7d6', N'a256794c-28be-4918-af3f-c37805efb4c7', 57.9900, 78, CAST(N'2021-04-17' AS Date)),
(234, N'3b8eab77-ac4b-4a2a-9f82-ab9c220f80bc', N'6f0e07b4-40aa-4aec-90ab-d3a80755171b', 973.1400, 36, CAST(N'2021-01-29' AS Date)),
(235, N'aae5f23e-289a-4846-a2b7-a59035f2dc32', N'd7e1a361-e91e-4d55-b924-c4b214ff3493', 773.5500, 26, CAST(N'2021-10-25' AS Date)),
(236, N'a864b32d-8104-4a85-ba7e-5314940be523', N'b41185fe-9175-4b5c-b488-80ed09bbda61', 86.9200, 15, CAST(N'2021-11-04' AS Date)),
(237, N'6417ddc0-d46c-4fe0-abed-2f7a0db3560b', N'd7225f94-33b4-42df-b45e-8b4e79752ae8', 573.8100, 20, CAST(N'2022-05-03' AS Date)),
(238, N'e87b4600-6025-40df-98d5-bd00c757274c', N'f28ea4e1-d68f-4eb7-8a03-696d5734b3f3', 834.9000, 31, CAST(N'2021-02-28' AS Date)),
(239, N'f5c1dd8b-7c58-4206-ac8d-c84becb02070', N'59ec25c1-4855-42b1-85cf-0bc84302f733', 47.0200, 5, CAST(N'2020-12-03' AS Date)),
(240, N'4d169a49-33b8-4837-beb4-e3ded974cf0c', N'efed59cd-743b-4dea-9a64-69aac94ccf95', 661.0200, 92, CAST(N'2020-05-29' AS Date)),
(241, N'e59c189a-a296-44b3-b500-eba0b8dc28f2', N'eee8a4ec-6a4d-47c8-9db3-130ab839c0ab', 784.0700, 16, CAST(N'2020-10-19' AS Date)),
(242, N'5c2702e0-2875-4117-a29b-2a6472a3abba', N'e5391d8e-c94f-40f5-ae41-be61c84bdd6e', 133.7900, 27, CAST(N'2021-06-17' AS Date)),
(243, N'9bc937f2-e092-4d67-af7f-8c83e343890e', N'42042ad7-9894-4408-a696-89f7288c0d39', 262.2400, 57, CAST(N'2022-03-03' AS Date)),
(244, N'f9656673-7043-4355-a4bd-ec50c36094d6', N'b958ce32-a6f2-4e50-818c-963ec99d096f', 681.8500, 24, CAST(N'2022-04-09' AS Date)),
(245, N'7578d7f0-52c4-4a1e-83d3-d61072138091', N'8e3a787e-0e9d-4a33-a9c4-d00921deb589', 986.7300, 52, CAST(N'2021-03-09' AS Date)),
(246, N'8d3f0286-dfa0-4ac6-b1aa-f6d0a0d27a18', N'772eca4c-2a9a-46c5-8a11-5bf8bf745fdb', 172.9300, 73, CAST(N'2022-04-25' AS Date)),
(247, N'91ea4429-e5e2-488a-967b-78d842e91868', N'6f95508a-16a6-4fa7-a3b7-23683a133b85', 561.6700, 32, CAST(N'2020-09-29' AS Date)),
(248, N'c5f0b732-69e4-462f-9dfb-37428f9c88d9', N'5dc3a941-1d6b-437c-bad6-79a181d1e817', 84.4000, 54, CAST(N'2020-12-06' AS Date)),
(249, N'a0d9ebcf-1ee0-491f-b6db-89e9708b4d63', N'22268cd5-3be5-44b2-a30f-717cc1f88b50', 891.1200, 78, CAST(N'2019-08-31' AS Date)),
(250, N'b02d452a-67c8-4002-8b09-aaf8aa85501e', N'd2c7e66e-e28e-4be8-a40d-6507d5e1da96', 22.2400, 6, CAST(N'2022-04-25' AS Date)),
(251, N'cf247620-e2a2-4a95-9116-a190e4f109c9', N'0058c637-9260-4ae3-b221-9b4e231bc882', 910.4100, 44, CAST(N'2021-05-23' AS Date)),
(252, N'b135a744-8cb7-4a90-8dd4-eea43c3a4455', N'ab805cb6-409b-4d21-84e2-b22ed7f33776', 115.2800, 76, CAST(N'2020-09-25' AS Date)),
(253, N'16fcb931-e182-4e19-b47b-a6a915d89fd4', N'85a822dd-240f-4064-993b-f620ad3133f7', 989.2100, 38, CAST(N'2022-06-18' AS Date)),
(254, N'637a1e93-f4d3-43bf-91e5-c59582807e8e', N'f6bbb2fc-ac9a-4235-8c2f-9535437384dd', 824.6200, 4, CAST(N'2019-11-27' AS Date)),
(255, N'9c17d29d-2e1e-473a-828a-697037cb8c71', N'fe07f38b-296e-4965-bb42-c26731eadf22', 27.9100, 78, CAST(N'2020-09-14' AS Date)),
(256, N'679dcb7f-4782-48a4-bb88-e0cd72365ff3', N'5941af06-b49c-4f40-b9c1-4615b2740570', 62.9300, 58, CAST(N'2021-10-03' AS Date)),
(257, N'5afcfeb2-d0c3-4aed-9b13-7e9ed40cebf1', N'68225bd6-f567-432b-9935-c9569e17cfa4', 967.6000, 66, CAST(N'2020-02-02' AS Date)),
(258, N'b58dea53-1ebf-46cc-8f61-b9329415821c', N'cf564382-4f5b-4216-af07-cc304507fc8a', 540.6100, 33, CAST(N'2021-08-13' AS Date)),
(259, N'da0f5388-f467-427b-9eee-fd0159d65fd4', N'6567928f-b27f-45e9-b10e-b56a51c84c44', 67.8800, 16, CAST(N'2021-03-01' AS Date)),
(260, N'602ddce0-3478-4d4f-a138-f279aa5d5b15', N'cc909a70-40b4-4991-bbda-2d76ccc9b52f', 273.2000, 15, CAST(N'2020-04-11' AS Date)),
(261, N'50b26b32-464a-4328-900c-c404b07ee9b9', N'c5be90d7-ba72-4f6f-8860-6682de963349', 140.8700, 67, CAST(N'2021-04-08' AS Date)),
(262, N'82f96b1b-5646-42ca-b912-705467bd0c0f', N'089cf825-a07c-42a4-9ad2-73218b2571e9', 463.2100, 25, CAST(N'2021-07-15' AS Date)),
(263, N'9748794b-70dc-479b-9a15-ea024c038247', N'c006922d-6672-4305-8c52-9b2819a11e4c', 245.5800, 2, CAST(N'2021-03-27' AS Date)),
(264, N'4ce261f3-4a57-4c94-962d-e8dce10ae468', N'9de4b300-eecf-4909-b4c0-96352f028ae1', 758.7700, 37, CAST(N'2019-09-27' AS Date)),
(265, N'3d343e33-e900-46ea-95d5-8b91ebbc6cc3', N'6a041258-f340-49ba-b019-8730fbde469e', 633.5100, 99, CAST(N'2022-02-15' AS Date)),
(266, N'cba7923e-fc77-453e-95e6-e1da9ca7a4dc', N'80591ba5-d5f0-4bee-9ca8-4e8c61058091', 869.0300, 21, CAST(N'2022-04-08' AS Date)),
(267, N'552385b4-c3d8-46a3-8070-5f40b28d9688', N'358b5dbc-c2a9-400b-a42e-813e82059d7b', 537.8400, 78, CAST(N'2020-08-04' AS Date)),
(268, N'7a19056c-a7ef-48b4-a1c3-aa6d52937915', N'd22fb4b9-8ef5-4555-ba65-a1ecbb8e1702', 632.8200, 88, CAST(N'2021-11-29' AS Date)),
(269, N'bdc5d9dc-2ee4-4b78-8f98-33469f732cee', N'fee87fa1-3cb4-4ab0-9fd3-235fc3882826', 220.5400, 25, CAST(N'2020-01-08' AS Date)),
(270, N'7774530a-e9f2-4b68-9dcf-8bd92ae37a48', N'fef1668c-0878-46d7-8b78-fb98316b1dbb', 795.2100, 21, CAST(N'2021-06-01' AS Date)),
(271, N'54f78724-8f15-4dae-9ef4-eec9d8c3c0c3', N'2ab824d9-aeb3-4630-951c-d6577e98d61f', 168.1000, 20, CAST(N'2019-10-24' AS Date)),
(272, N'b7311809-6d3a-4c5a-a350-8e40bd567dac', N'4a6f0b98-129c-48a9-99bc-9e547faf80c1', 281.6000, 72, CAST(N'2019-07-27' AS Date)),
(273, N'317471a6-173e-49f2-889e-9d1ed1e79546', N'79d702e7-81c7-4c43-b5c9-45e6c88663bd', 70.6300, 54, CAST(N'2022-01-13' AS Date)),
(274, N'b17bc60f-780e-4190-aa69-8a08c3998846', N'6152d1e8-53f4-4f99-98f2-5c9f35a1c126', 447.4400, 44, CAST(N'2021-05-31' AS Date)),
(275, N'a3099209-9de8-49a6-8b6e-fe34a3c7fb33', N'156f71d4-3abf-4199-9c4a-86e43011bc6c', 713.6900, 16, CAST(N'2020-04-21' AS Date)),
(276, N'e518fb62-d062-48c3-8ad2-71b17a3775a6', N'ee6596d0-1616-4ebc-a2dd-a427533c4a41', 57.3100, 49, CAST(N'2020-12-09' AS Date)),
(277, N'd80f7914-a7c7-4efe-9621-06c66a703067', N'f4c6c516-1f4d-4fdd-b766-860c07a8be69', 12.3100, 65, CAST(N'2021-07-23' AS Date)),
(278, N'67253b5a-c17d-48ad-b744-20af49bd41d5', N'18b01cfb-e91d-4d71-9c08-81e1ebac8ef5', 275.7700, 58, CAST(N'2019-12-16' AS Date)),
(279, N'a2afceb1-4d7e-4e07-aee7-d7406b0af6f7', N'1c56f6e9-33eb-408b-9ecb-43ed15e4e231', 602.1500, 44, CAST(N'2021-01-08' AS Date)),
(280, N'1b022324-bf5a-4ecb-9495-0cbcd2e2d49d', N'0e80af34-d865-4b45-b1b1-eae8723627cf', 317.6500, 18, CAST(N'2021-02-09' AS Date)),
(281, N'f9a706f9-9fcd-4555-a95a-9b66696e55f1', N'6cf1d7e4-0722-4f7a-abd4-067d4f593cad', 390.6700, 22, CAST(N'2022-01-12' AS Date)),
(282, N'1399aaee-c0a1-49fb-a151-55ea304136f7', N'1320be5b-3c6c-4ba7-9744-745776b0825f', 873.8400, 24, CAST(N'2022-04-05' AS Date)),
(283, N'66661131-2f13-4676-887b-92610892668f', N'078b236a-97d8-4464-a787-e675723eeff2', 797.4400, 30, CAST(N'2021-01-30' AS Date)),
(284, N'c7eec6c9-6b64-4119-ab29-817c6f5c74da', N'c1e84a19-782b-42aa-b5d7-9f8e2f4d4e32', 980.2900, 15, CAST(N'2020-05-28' AS Date)),
(285, N'bd6de0de-d376-464e-be41-c31fd5bbd6ab', N'5e80d567-edd1-4c8c-8b8b-5cec54d436ef', 951.1100, 15, CAST(N'2020-04-21' AS Date)),
(286, N'4bda180e-63b0-43d6-9145-d7928e0d519f', N'c979c7f2-2a5d-4f22-8b00-bb38ba126cd1', 901.3200, 100, CAST(N'2020-09-16' AS Date)),
(287, N'bb95b277-418c-4c54-bccc-f7131b6ba575', N'84ced791-c058-4eb9-9371-1aed469b6ca4', 655.1000, 29, CAST(N'2020-09-18' AS Date)),
(288, N'682e5983-2a12-4773-8380-a2a75af5b900', N'69b97a91-604a-474a-8978-15833db78064', 924.7700, 31, CAST(N'2021-03-29' AS Date)),
(289, N'159f69cc-8dd3-4689-ae4b-2a5ed5380011', N'fd39766e-55e2-4e9d-afac-79c39d74686a', 994.0000, 23, CAST(N'2019-09-28' AS Date)),
(290, N'31b5928b-d5c1-48e0-a8a4-937885a5970e', N'dda7c2a1-58cf-4430-ae72-9b06360699fb', 819.9200, 81, CAST(N'2021-03-12' AS Date)),
(291, N'fe4eddca-7378-4283-b59b-e71750b027bf', N'4dc2b1cc-3e37-4d01-b5aa-2ea721b4e560', 509.7600, 47, CAST(N'2020-08-23' AS Date)),
(292, N'6c4b3826-92fc-4a33-858b-4254e00d4f4b', N'1b897be8-7c0f-43ae-9789-767c5acf5f2a', 786.0000, 64, CAST(N'2021-04-11' AS Date)),
(293, N'a4a25427-2a05-438d-b51a-51fd2d34f0b5', N'f3a37a0e-7790-4aac-89bd-91a41a5bc901', 592.0600, 99, CAST(N'2021-11-23' AS Date)),
(294, N'b4ce60ae-af36-4c2d-9946-55dfc6472154', N'69bd45ae-f595-4b26-b897-fe183bd8670b', 537.5100, 15, CAST(N'2020-06-15' AS Date)),
(295, N'ccfd6fc2-30fa-4159-b5eb-df847dbff70f', N'9c70cbb4-c83d-4926-a1b3-ba22ca474c51', 18.5100, 66, CAST(N'2022-04-08' AS Date)),
(296, N'2581159d-127f-492a-a9db-86045973f3b4', N'622c77f5-295a-486d-adf4-300cb1bcc577', 835.5200, 74, CAST(N'2020-07-07' AS Date)),
(297, N'bc0252c5-e0a1-4df6-ac05-621c2e9456dd', N'478d78fd-9b19-4842-a167-9c9ac7a347b1', 682.6600, 92, CAST(N'2020-06-07' AS Date)),
(298, N'20c677d9-bf85-463e-8bc0-dd91109a9075', N'22268cd5-3be5-44b2-a30f-717cc1f88b50', 290.5200, 95, CAST(N'2022-05-07' AS Date)),
(299, N'd9012056-b371-42d2-ba0b-9a5faf501a26', N'f9889414-8f10-49c7-a58d-ab75159795cf', 30.3600, 80, CAST(N'2019-10-21' AS Date)),
(300, N'ac575183-de4a-43f2-8b08-bbeb56825a4d', N'd2c7e66e-e28e-4be8-a40d-6507d5e1da96', 460.1500, 19, CAST(N'2020-12-10' AS Date)),
(301, N'cba7923e-fc77-453e-95e6-e1da9ca7a4dc', N'0058c637-9260-4ae3-b221-9b4e231bc882', 744.0900, 5, CAST(N'2021-04-16' AS Date)),
(302, N'b17bc60f-780e-4190-aa69-8a08c3998846', N'ee6596d0-1616-4ebc-a2dd-a427533c4a41', 171.5600, 75, CAST(N'2019-07-22' AS Date)),
(303, N'602ddce0-3478-4d4f-a138-f279aa5d5b15', N'2066a870-87ec-41fd-aa81-20c1185b40ae', 61.6700, 97, CAST(N'2021-08-02' AS Date)),
(304, N'c3aaf915-d3f3-459f-a10c-9acfb5fba2a5', N'42042ad7-9894-4408-a696-89f7288c0d39', 797.4500, 46, CAST(N'2022-03-25' AS Date)),
(305, N'2581159d-127f-492a-a9db-86045973f3b4', N'cc909a70-40b4-4991-bbda-2d76ccc9b52f', 772.2000, 47, CAST(N'2019-12-27' AS Date)),
(306, N'a0d9ebcf-1ee0-491f-b6db-89e9708b4d63', N'078b236a-97d8-4464-a787-e675723eeff2', 39.4300, 5, CAST(N'2021-02-04' AS Date)),
(307, N'682e5983-2a12-4773-8380-a2a75af5b900', N'68225bd6-f567-432b-9935-c9569e17cfa4', 3.3300, 66, CAST(N'2022-05-20' AS Date)),
(308, N'c1f95514-7e82-4816-a6fa-80e72326e77c', N'9de4b300-eecf-4909-b4c0-96352f028ae1', 710.2300, 63, CAST(N'2021-11-13' AS Date)),
(309, N'49755ab2-b98c-4bf4-92f9-7531296ec5a2', N'69b97a91-604a-474a-8978-15833db78064', 34.6100, 98, CAST(N'2020-12-29' AS Date)),
(310, N'7e43c03b-6f85-4943-a09e-ac9858bfc208', N'2f1d2953-b176-4d9a-85cc-20d3cd1c7e52', 922.9400, 34, CAST(N'2022-03-12' AS Date)),
(311, N'a864b32d-8104-4a85-ba7e-5314940be523', N'6c0b1043-97aa-4494-a0a2-ffa51f04d31e', 696.5700, 37, CAST(N'2020-01-28' AS Date)),
(312, N'4bda180e-63b0-43d6-9145-d7928e0d519f', N'fef1668c-0878-46d7-8b78-fb98316b1dbb', 871.0100, 51, CAST(N'2022-06-19' AS Date)),
(313, N'e87b4600-6025-40df-98d5-bd00c757274c', N'372c2538-5953-41e2-b379-52f0e2f0c20a', 796.5100, 25, CAST(N'2022-02-05' AS Date)),
(314, N'1d513d60-fc82-4eed-a938-7aa7aa033918', N'c006922d-6672-4305-8c52-9b2819a11e4c', 308.7800, 61, CAST(N'2021-08-06' AS Date)),
(315, N'e1cf447e-26c6-4b16-819e-cddb4dcd73d3', N'a38921aa-feb8-4e12-8ff3-a554bcca897b', 858.2700, 53, CAST(N'2020-04-16' AS Date)),
(316, N'5afcfeb2-d0c3-4aed-9b13-7e9ed40cebf1', N'05e5850e-f25c-48a1-9f28-4b1addd2db01', 475.9900, 26, CAST(N'2020-08-21' AS Date)),
(317, N'07f30c4a-ac0c-43c7-9d20-affd1fc2998e', N'7034bd4d-e5bd-4310-84b2-999a1ef79ac0', 608.2800, 91, CAST(N'2022-01-21' AS Date)),
(318, N'8417ecf4-0c62-4cf1-910b-20e71b2e5c59', N'772eca4c-2a9a-46c5-8a11-5bf8bf745fdb', 917.1200, 47, CAST(N'2021-03-16' AS Date)),
(319, N'd5164bec-9e46-480c-8287-fe029e4c2324', N'c5be90d7-ba72-4f6f-8860-6682de963349', 484.0600, 64, CAST(N'2022-03-18' AS Date)),
(320, N'd3df54f5-5642-4f9e-ac4e-76b142373c16', N'8dee66df-68c1-42f9-8224-827f929f3f6e', 519.8700, 81, CAST(N'2019-11-19' AS Date)),
(321, N'c7eec6c9-6b64-4119-ab29-817c6f5c74da', N'ffc55597-5ca5-457d-9809-a3a2b5df5d81', 484.9600, 63, CAST(N'2020-12-27' AS Date)),
(322, N'51a9266d-be19-4ac0-b048-93b2b449bdb2', N'6152d1e8-53f4-4f99-98f2-5c9f35a1c126', 138.4300, 69, CAST(N'2022-03-18' AS Date)),
(323, N'bdc5d9dc-2ee4-4b78-8f98-33469f732cee', N'b5beecf6-c53b-4eec-a9af-112cb4e6959c', 571.1800, 31, CAST(N'2021-12-21' AS Date)),
(324, N'e518fb62-d062-48c3-8ad2-71b17a3775a6', N'fe07f38b-296e-4965-bb42-c26731eadf22', 651.0800, 26, CAST(N'2021-10-25' AS Date)),
(325, N'2d042cde-eb49-4ddd-8dd9-7c4abc193aae', N'd02bc52f-f397-4842-8d05-e3d8363c4dd9', 201.2000, 20, CAST(N'2021-08-22' AS Date)),
(326, N'8d3f0286-dfa0-4ac6-b1aa-f6d0a0d27a18', N'e5391d8e-c94f-40f5-ae41-be61c84bdd6e', 273.3700, 26, CAST(N'2020-08-30' AS Date)),
(327, N'168ed2ec-4660-4a54-a049-0c1cb332cf62', N'0e80af34-d865-4b45-b1b1-eae8723627cf', 421.0400, 18, CAST(N'2021-11-02' AS Date)),
(328, N'4d169a49-33b8-4837-beb4-e3ded974cf0c', N'5941af06-b49c-4f40-b9c1-4615b2740570', 475.3100, 54, CAST(N'2019-09-05' AS Date)),
(329, N'5c2702e0-2875-4117-a29b-2a6472a3abba', N'84ced791-c058-4eb9-9371-1aed469b6ca4', 627.7400, 53, CAST(N'2020-02-04' AS Date)),
(330, N'416c5c35-236d-4bc7-8dfb-d457c3648d9f', N'6f95508a-16a6-4fa7-a3b7-23683a133b85', 507.0400, 39, CAST(N'2021-05-17' AS Date)),
(331, N'a2afceb1-4d7e-4e07-aee7-d7406b0af6f7', N'4dc2b1cc-3e37-4d01-b5aa-2ea721b4e560', 592.8500, 87, CAST(N'2019-07-05' AS Date)),
(332, N'b9e62f74-7619-45be-b679-196c740f8d01', N'8ec95368-b752-4885-af60-90120a32946c', 405.6500, 70, CAST(N'2022-02-05' AS Date)),
(333, N'82f96b1b-5646-42ca-b912-705467bd0c0f', N'5dc3a941-1d6b-437c-bad6-79a181d1e817', 650.6400, 66, CAST(N'2019-11-08' AS Date)),
(334, N'f5c1dd8b-7c58-4206-ac8d-c84becb02070', N'dda7c2a1-58cf-4430-ae72-9b06360699fb', 132.6600, 99, CAST(N'2021-07-31' AS Date)),
(335, N'a4a25427-2a05-438d-b51a-51fd2d34f0b5', N'f28ea4e1-d68f-4eb7-8a03-696d5734b3f3', 155.4200, 66, CAST(N'2021-10-16' AS Date)),
(336, N'9c17d29d-2e1e-473a-828a-697037cb8c71', N'0c3b5ca4-ab33-4ca0-9dbb-59137ca0abf6', 553.0500, 91, CAST(N'2019-10-04' AS Date)),
(337, N'9bc937f2-e092-4d67-af7f-8c83e343890e', N'9c70cbb4-c83d-4926-a1b3-ba22ca474c51', 323.7300, 14, CAST(N'2020-10-02' AS Date)),
(338, N'4ce261f3-4a57-4c94-962d-e8dce10ae468', N'478d78fd-9b19-4842-a167-9c9ac7a347b1', 117.9900, 35, CAST(N'2019-09-02' AS Date)),
(339, N'e59c189a-a296-44b3-b500-eba0b8dc28f2', N'ad14a27e-97e7-4b31-b3c1-504fab8d8c61', 866.0900, 63, CAST(N'2020-03-09' AS Date)),
(340, N'bfc7de6e-c77d-4134-b129-4425a0601637', N'9d2a5746-209d-4f7a-b71d-2e2779e9147a', 749.4600, 37, CAST(N'2021-05-23' AS Date)),
(341, N'd80f7914-a7c7-4efe-9621-06c66a703067', N'32856ccf-1b0a-4310-a995-b4f5b9b942c2', 365.6400, 64, CAST(N'2019-07-31' AS Date)),
(342, N'd9012056-b371-42d2-ba0b-9a5faf501a26', N'd10ebeac-928e-4181-88dc-3f2f06dd2ab0', 2.6500, 48, CAST(N'2021-03-03' AS Date)),
(343, N'b135a744-8cb7-4a90-8dd4-eea43c3a4455', N'a256794c-28be-4918-af3f-c37805efb4c7', 423.8600, 68, CAST(N'2022-04-03' AS Date)),
(344, N'd6870d5b-c731-48eb-b335-e9441c37657b', N'45d74a99-1f76-4369-a77a-7a0f44517a54', 467.6400, 59, CAST(N'2022-06-01' AS Date)),
(345, N'1399aaee-c0a1-49fb-a151-55ea304136f7', N'358b5dbc-c2a9-400b-a42e-813e82059d7b', 86.1500, 76, CAST(N'2020-06-22' AS Date)),
(346, N'6417ddc0-d46c-4fe0-abed-2f7a0db3560b', N'00749def-93c9-4e1f-bd95-3bea958b832f', 961.6900, 9, CAST(N'2021-12-28' AS Date)),
(347, N'f6c415eb-c525-48e1-8da8-84f9f322f0bf', N'f6bbb2fc-ac9a-4235-8c2f-9535437384dd', 517.1500, 57, CAST(N'2022-04-12' AS Date)),
(348, N'637a1e93-f4d3-43bf-91e5-c59582807e8e', N'10781302-7058-41a1-b371-1d82eda47b5e', 575.6200, 7, CAST(N'2021-06-30' AS Date)),
(349, N'3b8eab77-ac4b-4a2a-9f82-ab9c220f80bc', N'1246b845-904f-44d1-bc6e-15a18b228223', 761.6500, 88, CAST(N'2021-10-09' AS Date)),
(350, N'ccfd6fc2-30fa-4159-b5eb-df847dbff70f', N'efed59cd-743b-4dea-9a64-69aac94ccf95', 464.6300, 25, CAST(N'2022-01-21' AS Date)),
(351, N'c5f0b732-69e4-462f-9dfb-37428f9c88d9', N'cf564382-4f5b-4216-af07-cc304507fc8a', 888.6200, 45, CAST(N'2019-10-23' AS Date)),
(352, N'b4ce60ae-af36-4c2d-9946-55dfc6472154', N'1c56f6e9-33eb-408b-9ecb-43ed15e4e231', 401.6800, 62, CAST(N'2021-09-25' AS Date)),
(353, N'bd6de0de-d376-464e-be41-c31fd5bbd6ab', N'4a6f0b98-129c-48a9-99bc-9e547faf80c1', 383.7400, 1, CAST(N'2019-12-22' AS Date)),
(354, N'5ac74bd1-f311-4b9c-9844-2b576e3fe7d6', N'4b1b0439-8080-447d-8e14-7e282031b2fb', 917.2300, 8, CAST(N'2021-05-16' AS Date)),
(355, N'3d343e33-e900-46ea-95d5-8b91ebbc6cc3', N'1414572c-e36d-408d-a2ec-9bf05132725b', 419.4400, 85, CAST(N'2021-12-11' AS Date)),
(356, N'8fce53b4-8a0a-43ac-9aa5-ac989d880d4a', N'fb0c8bd0-de34-4eaa-a07c-cf13820e6296', 498.5700, 95, CAST(N'2020-10-30' AS Date)),
(357, N'67253b5a-c17d-48ad-b744-20af49bd41d5', N'eed2b11b-84cd-444e-afd5-b14a0ffec2bc', 454.7600, 94, CAST(N'2019-10-27' AS Date)),
(358, N'ac2fca20-e16e-4c85-9aa2-2d8b39b73641', N'69bd45ae-f595-4b26-b897-fe183bd8670b', 331.9200, 68, CAST(N'2021-09-07' AS Date)),
(359, N'31b5928b-d5c1-48e0-a8a4-937885a5970e', N'3682407a-2dd4-440b-b013-21a5cfda2b91', 460.4700, 17, CAST(N'2021-06-26' AS Date)),
(360, N'f606e469-39b3-4b08-8127-9e47ca43364c', N'fee87fa1-3cb4-4ab0-9fd3-235fc3882826', 176.0100, 37, CAST(N'2019-12-25' AS Date)),
(361, N'5496237d-a67b-4e91-9d44-a31b1dad9424', N'18b01cfb-e91d-4d71-9c08-81e1ebac8ef5', 477.1500, 20, CAST(N'2021-11-13' AS Date)),
(362, N'159f69cc-8dd3-4689-ae4b-2a5ed5380011', N'096fca54-0269-4d55-906e-b5a3b5864cbf', 391.8500, 14, CAST(N'2020-05-20' AS Date)),
(363, N'da0f5388-f467-427b-9eee-fd0159d65fd4', N'2ab824d9-aeb3-4630-951c-d6577e98d61f', 204.8900, 91, CAST(N'2020-08-25' AS Date)),
(364, N'aae5f23e-289a-4846-a2b7-a59035f2dc32', N'ab805cb6-409b-4d21-84e2-b22ed7f33776', 635.6600, 98, CAST(N'2022-06-16' AS Date)),
(365, N'91ea4429-e5e2-488a-967b-78d842e91868', N'622c77f5-295a-486d-adf4-300cb1bcc577', 785.4000, 40, CAST(N'2021-09-20' AS Date)),
(366, N'16fcb931-e182-4e19-b47b-a6a915d89fd4', N'ca28edb5-94bd-4a34-89fb-eb810ad66f43', 258.1000, 83, CAST(N'2020-03-10' AS Date)),
(367, N'ac575183-de4a-43f2-8b08-bbeb56825a4d', N'f4c6c516-1f4d-4fdd-b766-860c07a8be69', 983.3200, 41, CAST(N'2021-06-24' AS Date)),
(368, N'64a29841-1d85-402b-b31d-d389a81b57bb', N'5f1c4eb2-5904-4a9f-9801-d8afcbfc6562', 318.7400, 85, CAST(N'2021-03-21' AS Date)),
(369, N'54f78724-8f15-4dae-9ef4-eec9d8c3c0c3', N'089cf825-a07c-42a4-9ad2-73218b2571e9', 430.7500, 39, CAST(N'2021-01-14' AS Date)),
(370, N'f9656673-7043-4355-a4bd-ec50c36094d6', N'd22fb4b9-8ef5-4555-ba65-a1ecbb8e1702', 428.5600, 18, CAST(N'2021-08-23' AS Date)),
(371, N'884c9ae4-b899-4a5a-9630-23398a7f83ac', N'79d702e7-81c7-4c43-b5c9-45e6c88663bd', 86.3200, 33, CAST(N'2022-03-30' AS Date)),
(372, N'6c4b3826-92fc-4a33-858b-4254e00d4f4b', N'c979c7f2-2a5d-4f22-8b00-bb38ba126cd1', 511.2600, 84, CAST(N'2021-07-31' AS Date)),
(373, N'cf247620-e2a2-4a95-9116-a190e4f109c9', N'eddc3cb6-4cdb-4a64-a6cb-753b07d321fb', 482.6600, 9, CAST(N'2021-07-14' AS Date)),
(374, N'f0f3b6d2-747b-42d4-b636-43e40633afe3', N'6567928f-b27f-45e9-b10e-b56a51c84c44', 383.9900, 35, CAST(N'2020-04-27' AS Date)),
(375, N'bb95b277-418c-4c54-bccc-f7131b6ba575', N'80591ba5-d5f0-4bee-9ca8-4e8c61058091', 284.0400, 4, CAST(N'2021-12-19' AS Date)),
(376, N'8fa58c41-fe11-4871-8272-523a8fbd57c5', N'1320be5b-3c6c-4ba7-9744-745776b0825f', 715.1300, 75, CAST(N'2021-07-10' AS Date)),
(377, N'fe4eddca-7378-4283-b59b-e71750b027bf', N'c1e84a19-782b-42aa-b5d7-9f8e2f4d4e32', 448.0000, 2, CAST(N'2020-11-15' AS Date)),
(378, N'8217186f-2c9b-404f-bf62-437418834adf', N'eee8a4ec-6a4d-47c8-9db3-130ab839c0ab', 652.4500, 14, CAST(N'2021-07-24' AS Date)),
(379, N'7a19056c-a7ef-48b4-a1c3-aa6d52937915', N'85a822dd-240f-4064-993b-f620ad3133f7', 730.7700, 67, CAST(N'2020-12-18' AS Date)),
(380, N'9748794b-70dc-479b-9a15-ea024c038247', N'8e3a787e-0e9d-4a33-a9c4-d00921deb589', 551.9900, 2, CAST(N'2020-09-29' AS Date)),
(381, N'b02d452a-67c8-4002-8b09-aaf8aa85501e', N'f3a37a0e-7790-4aac-89bd-91a41a5bc901', 493.1000, 94, CAST(N'2020-01-29' AS Date)),
(382, N'b092007c-3e6c-4e1e-8217-654f1eaffb5f', N'b958ce32-a6f2-4e50-818c-963ec99d096f', 176.0800, 57, CAST(N'2022-03-25' AS Date)),
(383, N'679dcb7f-4782-48a4-bb88-e0cd72365ff3', N'd7225f94-33b4-42df-b45e-8b4e79752ae8', 20.8100, 51, CAST(N'2021-01-15' AS Date)),
(384, N'317471a6-173e-49f2-889e-9d1ed1e79546', N'6cf1d7e4-0722-4f7a-abd4-067d4f593cad', 386.1900, 73, CAST(N'2019-10-14' AS Date)),
(385, N'b7311809-6d3a-4c5a-a350-8e40bd567dac', N'5b0abf23-3cb0-4b0d-9978-d518dcb5d1e1', 724.2700, 42, CAST(N'2020-02-28' AS Date)),
(386, N'0352e1d9-4964-4bd0-b617-6e03173498b3', N'b41185fe-9175-4b5c-b488-80ed09bbda61', 516.1800, 55, CAST(N'2019-08-29' AS Date)),
(387, N'f9a706f9-9fcd-4555-a95a-9b66696e55f1', N'05a839fc-f5e5-4cd2-94f5-94b021b1ecac', 128.8300, 60, CAST(N'2019-08-29' AS Date)),
(388, N'66661131-2f13-4676-887b-92610892668f', N'6f0e07b4-40aa-4aec-90ab-d3a80755171b', 876.9300, 84, CAST(N'2019-08-24' AS Date)),
(389, N'af201fa1-4824-4299-97fb-8d5ef51ef325', N'd7e1a361-e91e-4d55-b924-c4b214ff3493', 954.4400, 8, CAST(N'2020-10-13' AS Date)),
(390, N'a3099209-9de8-49a6-8b6e-fe34a3c7fb33', N'fd39766e-55e2-4e9d-afac-79c39d74686a', 627.3700, 54, CAST(N'2022-06-19' AS Date)),
(391, N'20c677d9-bf85-463e-8bc0-dd91109a9075', N'c15d23ed-afbf-4871-95d1-eca83dbaaee8', 770.2700, 44, CAST(N'2022-03-24' AS Date)),
(392, N'1b022324-bf5a-4ecb-9495-0cbcd2e2d49d', N'5e80d567-edd1-4c8c-8b8b-5cec54d436ef', 893.2200, 35, CAST(N'2022-03-31' AS Date)),
(393, N'552385b4-c3d8-46a3-8070-5f40b28d9688', N'c49cdd05-da1f-412e-a43f-c3e8a0e46bd3', 19.9400, 63, CAST(N'2021-04-01' AS Date)),
(394, N'bc0252c5-e0a1-4df6-ac05-621c2e9456dd', N'156f71d4-3abf-4199-9c4a-86e43011bc6c', 965.5600, 6, CAST(N'2020-11-09' AS Date)),
(395, N'50b26b32-464a-4328-900c-c404b07ee9b9', N'1b897be8-7c0f-43ae-9789-767c5acf5f2a', 456.9700, 3, CAST(N'2019-08-06' AS Date)),
(396, N'7774530a-e9f2-4b68-9dcf-8bd92ae37a48', N'6a041258-f340-49ba-b019-8730fbde469e', 838.0800, 42, CAST(N'2019-08-29' AS Date)),
(397, N'8f93967c-6f6b-4a5f-866d-4e297e874ccd', N'59ec25c1-4855-42b1-85cf-0bc84302f733', 379.5600, 58, CAST(N'2020-03-05' AS Date)),
(398, N'c603e71e-c197-4c0b-9a88-7672d096412a', N'2066a870-87ec-41fd-aa81-20c1185b40ae', 475.7200, 59, CAST(N'2020-04-25' AS Date)),
(399, N'b58dea53-1ebf-46cc-8f61-b9329415821c', N'c979c7f2-2a5d-4f22-8b00-bb38ba126cd1', 994.5500, 17, CAST(N'2022-05-07' AS Date)),
(400, N'fe4eddca-7378-4283-b59b-e71750b027bf', N'05a839fc-f5e5-4cd2-94f5-94b021b1ecac', 959.7200, 51, CAST(N'2019-08-26' AS Date)),
(401, N'50b26b32-464a-4328-900c-c404b07ee9b9', N'59ec25c1-4855-42b1-85cf-0bc84302f733', 155.3900, 53, CAST(N'2019-09-24' AS Date)),
(402, N'7774530a-e9f2-4b68-9dcf-8bd92ae37a48', N'42042ad7-9894-4408-a696-89f7288c0d39', 188.0300, 39, CAST(N'2022-05-30' AS Date)),
(403, N'679dcb7f-4782-48a4-bb88-e0cd72365ff3', N'4a6f0b98-129c-48a9-99bc-9e547faf80c1', 623.5000, 51, CAST(N'2019-10-03' AS Date)),
(404, N'e87b4600-6025-40df-98d5-bd00c757274c', N'1414572c-e36d-408d-a2ec-9bf05132725b', 830.9700, 96, CAST(N'2021-03-14' AS Date)),
(405, N'5496237d-a67b-4e91-9d44-a31b1dad9424', N'fee87fa1-3cb4-4ab0-9fd3-235fc3882826', 158.3900, 63, CAST(N'2020-04-25' AS Date)),
(406, N'aae5f23e-289a-4846-a2b7-a59035f2dc32', N'372c2538-5953-41e2-b379-52f0e2f0c20a', 371.0500, 61, CAST(N'2020-10-09' AS Date)),
(407, N'6417ddc0-d46c-4fe0-abed-2f7a0db3560b', N'84ced791-c058-4eb9-9371-1aed469b6ca4', 647.2800, 83, CAST(N'2020-08-22' AS Date)),
(408, N'af201fa1-4824-4299-97fb-8d5ef51ef325', N'078b236a-97d8-4464-a787-e675723eeff2', 219.8700, 63, CAST(N'2021-03-26' AS Date)),
(409, N'682e5983-2a12-4773-8380-a2a75af5b900', N'd7225f94-33b4-42df-b45e-8b4e79752ae8', 947.0500, 77, CAST(N'2022-03-15' AS Date)),
(410, N'49755ab2-b98c-4bf4-92f9-7531296ec5a2', N'6152d1e8-53f4-4f99-98f2-5c9f35a1c126', 436.9800, 71, CAST(N'2021-09-30' AS Date)),
(411, N'f606e469-39b3-4b08-8127-9e47ca43364c', N'f3a37a0e-7790-4aac-89bd-91a41a5bc901', 319.4500, 37, CAST(N'2021-04-17' AS Date)),
(412, N'd5164bec-9e46-480c-8287-fe029e4c2324', N'6567928f-b27f-45e9-b10e-b56a51c84c44', 8.8400, 6, CAST(N'2019-09-20' AS Date)),
(413, N'da0f5388-f467-427b-9eee-fd0159d65fd4', N'156f71d4-3abf-4199-9c4a-86e43011bc6c', 328.7500, 85, CAST(N'2021-03-08' AS Date)),
(414, N'a864b32d-8104-4a85-ba7e-5314940be523', N'85a822dd-240f-4064-993b-f620ad3133f7', 599.2800, 20, CAST(N'2019-08-30' AS Date)),
(415, N'8f93967c-6f6b-4a5f-866d-4e297e874ccd', N'a256794c-28be-4918-af3f-c37805efb4c7', 938.9000, 57, CAST(N'2022-01-21' AS Date)),
(416, N'1d513d60-fc82-4eed-a938-7aa7aa033918', N'd2c7e66e-e28e-4be8-a40d-6507d5e1da96', 730.9900, 39, CAST(N'2019-06-20' AS Date)),
(417, N'07f30c4a-ac0c-43c7-9d20-affd1fc2998e', N'1320be5b-3c6c-4ba7-9744-745776b0825f', 342.4100, 68, CAST(N'2020-01-07' AS Date)),
(418, N'f5c1dd8b-7c58-4206-ac8d-c84becb02070', N'c15d23ed-afbf-4871-95d1-eca83dbaaee8', 41.8700, 9, CAST(N'2021-08-04' AS Date)),
(419, N'c603e71e-c197-4c0b-9a88-7672d096412a', N'b958ce32-a6f2-4e50-818c-963ec99d096f', 264.2300, 52, CAST(N'2020-07-16' AS Date)),
(420, N'bfc7de6e-c77d-4134-b129-4425a0601637', N'089cf825-a07c-42a4-9ad2-73218b2571e9', 490.6100, 80, CAST(N'2020-12-25' AS Date)),
(421, N'4ce261f3-4a57-4c94-962d-e8dce10ae468', N'4b1b0439-8080-447d-8e14-7e282031b2fb', 746.3700, 33, CAST(N'2021-10-27' AS Date)),
(422, N'8217186f-2c9b-404f-bf62-437418834adf', N'6f95508a-16a6-4fa7-a3b7-23683a133b85', 193.6800, 52, CAST(N'2019-11-29' AS Date)),
(423, N'c5f0b732-69e4-462f-9dfb-37428f9c88d9', N'e5391d8e-c94f-40f5-ae41-be61c84bdd6e', 966.4400, 15, CAST(N'2021-12-01' AS Date)),
(424, N'a3099209-9de8-49a6-8b6e-fe34a3c7fb33', N'096fca54-0269-4d55-906e-b5a3b5864cbf', 328.5400, 94, CAST(N'2019-08-29' AS Date)),
(425, N'cf247620-e2a2-4a95-9116-a190e4f109c9', N'9de4b300-eecf-4909-b4c0-96352f028ae1', 974.3900, 3, CAST(N'2021-07-17' AS Date)),
(426, N'b135a744-8cb7-4a90-8dd4-eea43c3a4455', N'68225bd6-f567-432b-9935-c9569e17cfa4', 8.5900, 43, CAST(N'2020-07-08' AS Date)),
(427, N'0352e1d9-4964-4bd0-b617-6e03173498b3', N'2f1d2953-b176-4d9a-85cc-20d3cd1c7e52', 1.3700, 14, CAST(N'2020-01-14' AS Date)),
(428, N'f6c415eb-c525-48e1-8da8-84f9f322f0bf', N'fd39766e-55e2-4e9d-afac-79c39d74686a', 259.9500, 44, CAST(N'2022-01-13' AS Date)),
(429, N'c1f95514-7e82-4816-a6fa-80e72326e77c', N'ee6596d0-1616-4ebc-a2dd-a427533c4a41', 899.7900, 98, CAST(N'2019-12-10' AS Date)),
(430, N'54f78724-8f15-4dae-9ef4-eec9d8c3c0c3', N'ffc55597-5ca5-457d-9809-a3a2b5df5d81', 668.3500, 22, CAST(N'2021-06-15' AS Date)),
(431, N'c7eec6c9-6b64-4119-ab29-817c6f5c74da', N'c006922d-6672-4305-8c52-9b2819a11e4c', 419.6900, 49, CAST(N'2022-03-26' AS Date)),
(432, N'bb95b277-418c-4c54-bccc-f7131b6ba575', N'f28ea4e1-d68f-4eb7-8a03-696d5734b3f3', 538.7200, 43, CAST(N'2022-05-05' AS Date)),
(433, N'ac2fca20-e16e-4c85-9aa2-2d8b39b73641', N'69bd45ae-f595-4b26-b897-fe183bd8670b', 369.1100, 25, CAST(N'2020-06-19' AS Date)),
(434, N'5ac74bd1-f311-4b9c-9844-2b576e3fe7d6', N'05e5850e-f25c-48a1-9f28-4b1addd2db01', 263.1800, 33, CAST(N'2021-10-19' AS Date)),
(435, N'a0d9ebcf-1ee0-491f-b6db-89e9708b4d63', N'5e80d567-edd1-4c8c-8b8b-5cec54d436ef', 700.7700, 99, CAST(N'2019-06-20' AS Date)),
(436, N'64a29841-1d85-402b-b31d-d389a81b57bb', N'f9889414-8f10-49c7-a58d-ab75159795cf', 814.9000, 20, CAST(N'2021-10-31' AS Date)),
(437, N'b4ce60ae-af36-4c2d-9946-55dfc6472154', N'622c77f5-295a-486d-adf4-300cb1bcc577', 256.1300, 50, CAST(N'2021-01-14' AS Date)),
(438, N'd3df54f5-5642-4f9e-ac4e-76b142373c16', N'eee8a4ec-6a4d-47c8-9db3-130ab839c0ab', 3.3700, 21, CAST(N'2020-07-22' AS Date)),
(439, N'cba7923e-fc77-453e-95e6-e1da9ca7a4dc', N'5f1c4eb2-5904-4a9f-9801-d8afcbfc6562', 622.0600, 90, CAST(N'2020-10-16' AS Date)),
(440, N'884c9ae4-b899-4a5a-9630-23398a7f83ac', N'd10ebeac-928e-4181-88dc-3f2f06dd2ab0', 907.7900, 24, CAST(N'2022-05-16' AS Date)),
(441, N'b092007c-3e6c-4e1e-8217-654f1eaffb5f', N'1c56f6e9-33eb-408b-9ecb-43ed15e4e231', 97.7400, 26, CAST(N'2019-07-09' AS Date)),
(442, N'bc0252c5-e0a1-4df6-ac05-621c2e9456dd', N'6a041258-f340-49ba-b019-8730fbde469e', 853.9300, 58, CAST(N'2021-01-24' AS Date)),
(443, N'5afcfeb2-d0c3-4aed-9b13-7e9ed40cebf1', N'cc909a70-40b4-4991-bbda-2d76ccc9b52f', 252.9600, 29, CAST(N'2022-02-24' AS Date)),
(444, N'bd6de0de-d376-464e-be41-c31fd5bbd6ab', N'00749def-93c9-4e1f-bd95-3bea958b832f', 549.8600, 55, CAST(N'2022-03-11' AS Date)),
(445, N'6c4b3826-92fc-4a33-858b-4254e00d4f4b', N'358b5dbc-c2a9-400b-a42e-813e82059d7b', 342.9300, 71, CAST(N'2020-10-26' AS Date)),
(446, N'1399aaee-c0a1-49fb-a151-55ea304136f7', N'5b0abf23-3cb0-4b0d-9978-d518dcb5d1e1', 156.1400, 74, CAST(N'2021-02-23' AS Date)),
(447, N'd80f7914-a7c7-4efe-9621-06c66a703067', N'0c3b5ca4-ab33-4ca0-9dbb-59137ca0abf6', 145.9500, 95, CAST(N'2020-10-20' AS Date)),
(448, N'82f96b1b-5646-42ca-b912-705467bd0c0f', N'5941af06-b49c-4f40-b9c1-4615b2740570', 934.7000, 46, CAST(N'2022-06-12' AS Date)),
(449, N'b17bc60f-780e-4190-aa69-8a08c3998846', N'b41185fe-9175-4b5c-b488-80ed09bbda61', 272.4700, 68, CAST(N'2020-09-18' AS Date)),
(450, N'f0f3b6d2-747b-42d4-b636-43e40633afe3', N'ca28edb5-94bd-4a34-89fb-eb810ad66f43', 843.6400, 86, CAST(N'2021-08-19' AS Date)),
(451, N'4bda180e-63b0-43d6-9145-d7928e0d519f', N'fb0c8bd0-de34-4eaa-a07c-cf13820e6296', 442.9100, 90, CAST(N'2021-02-08' AS Date)),
(452, N'3d343e33-e900-46ea-95d5-8b91ebbc6cc3', N'478d78fd-9b19-4842-a167-9c9ac7a347b1', 20.8700, 19, CAST(N'2021-02-15' AS Date)),
(453, N'd6870d5b-c731-48eb-b335-e9441c37657b', N'8e3a787e-0e9d-4a33-a9c4-d00921deb589', 143.2000, 100, CAST(N'2020-03-18' AS Date)),
(454, N'416c5c35-236d-4bc7-8dfb-d457c3648d9f', N'eed2b11b-84cd-444e-afd5-b14a0ffec2bc', 855.1600, 27, CAST(N'2019-10-07' AS Date)),
(455, N'2d042cde-eb49-4ddd-8dd9-7c4abc193aae', N'b5beecf6-c53b-4eec-a9af-112cb4e6959c', 675.0300, 1, CAST(N'2020-03-04' AS Date)),
(456, N'602ddce0-3478-4d4f-a138-f279aa5d5b15', N'1b897be8-7c0f-43ae-9789-767c5acf5f2a', 318.8900, 58, CAST(N'2020-09-26' AS Date)),
(457, N'8417ecf4-0c62-4cf1-910b-20e71b2e5c59', N'0058c637-9260-4ae3-b221-9b4e231bc882', 712.6300, 3, CAST(N'2021-06-16' AS Date)),
(458, N'3b8eab77-ac4b-4a2a-9f82-ab9c220f80bc', N'1246b845-904f-44d1-bc6e-15a18b228223', 87.5800, 13, CAST(N'2021-12-25' AS Date)),
(459, N'1b022324-bf5a-4ecb-9495-0cbcd2e2d49d', N'69b97a91-604a-474a-8978-15833db78064', 824.0100, 5, CAST(N'2019-09-23' AS Date)),
(460, N'7a19056c-a7ef-48b4-a1c3-aa6d52937915', N'5dc3a941-1d6b-437c-bad6-79a181d1e817', 636.5200, 11, CAST(N'2020-09-29' AS Date)),
(461, N'bdc5d9dc-2ee4-4b78-8f98-33469f732cee', N'd7e1a361-e91e-4d55-b924-c4b214ff3493', 547.8500, 65, CAST(N'2021-12-14' AS Date)),
(462, N'4d169a49-33b8-4837-beb4-e3ded974cf0c', N'6f0e07b4-40aa-4aec-90ab-d3a80755171b', 320.4300, 57, CAST(N'2021-08-23' AS Date)),
(463, N'8d3f0286-dfa0-4ac6-b1aa-f6d0a0d27a18', N'80591ba5-d5f0-4bee-9ca8-4e8c61058091', 278.0400, 36, CAST(N'2020-10-07' AS Date)),
(464, N'637a1e93-f4d3-43bf-91e5-c59582807e8e', N'c1e84a19-782b-42aa-b5d7-9f8e2f4d4e32', 924.7400, 46, CAST(N'2019-11-20' AS Date)),
(465, N'f9656673-7043-4355-a4bd-ec50c36094d6', N'ad14a27e-97e7-4b31-b3c1-504fab8d8c61', 961.6100, 2, CAST(N'2020-08-13' AS Date)),
(466, N'e59c189a-a296-44b3-b500-eba0b8dc28f2', N'fef1668c-0878-46d7-8b78-fb98316b1dbb', 974.2700, 1, CAST(N'2020-10-02' AS Date)),
(467, N'16fcb931-e182-4e19-b47b-a6a915d89fd4', N'c49cdd05-da1f-412e-a43f-c3e8a0e46bd3', 127.3100, 85, CAST(N'2022-05-24' AS Date)),
(468, N'552385b4-c3d8-46a3-8070-5f40b28d9688', N'4dc2b1cc-3e37-4d01-b5aa-2ea721b4e560', 89.5600, 83, CAST(N'2021-04-13' AS Date)),
(469, N'5c2702e0-2875-4117-a29b-2a6472a3abba', N'772eca4c-2a9a-46c5-8a11-5bf8bf745fdb', 32.9300, 42, CAST(N'2020-04-19' AS Date)),
(470, N'7e43c03b-6f85-4943-a09e-ac9858bfc208', N'f4c6c516-1f4d-4fdd-b766-860c07a8be69', 245.1200, 18, CAST(N'2020-04-27' AS Date)),
(471, N'ccfd6fc2-30fa-4159-b5eb-df847dbff70f', N'd02bc52f-f397-4842-8d05-e3d8363c4dd9', 425.9400, 66, CAST(N'2019-09-12' AS Date)),
(472, N'f9a706f9-9fcd-4555-a95a-9b66696e55f1', N'ab805cb6-409b-4d21-84e2-b22ed7f33776', 67.9600, 96, CAST(N'2021-11-16' AS Date)),
(473, N'66661131-2f13-4676-887b-92610892668f', N'eddc3cb6-4cdb-4a64-a6cb-753b07d321fb', 577.2600, 33, CAST(N'2020-06-05' AS Date)),
(474, N'168ed2ec-4660-4a54-a049-0c1cb332cf62', N'0e80af34-d865-4b45-b1b1-eae8723627cf', 491.5000, 85, CAST(N'2020-12-26' AS Date)),
(475, N'159f69cc-8dd3-4689-ae4b-2a5ed5380011', N'18b01cfb-e91d-4d71-9c08-81e1ebac8ef5', 180.1400, 7, CAST(N'2021-05-21' AS Date)),
(476, N'51a9266d-be19-4ac0-b048-93b2b449bdb2', N'8ec95368-b752-4885-af60-90120a32946c', 982.5500, 88, CAST(N'2021-02-27' AS Date)),
(477, N'2581159d-127f-492a-a9db-86045973f3b4', N'10781302-7058-41a1-b371-1d82eda47b5e', 281.1400, 2, CAST(N'2021-01-02' AS Date)),
(478, N'b7311809-6d3a-4c5a-a350-8e40bd567dac', N'cf564382-4f5b-4216-af07-cc304507fc8a', 113.8500, 99, CAST(N'2019-07-22' AS Date)),
(479, N'e518fb62-d062-48c3-8ad2-71b17a3775a6', N'dda7c2a1-58cf-4430-ae72-9b06360699fb', 32.4400, 87, CAST(N'2021-02-06' AS Date)),
(480, N'e1cf447e-26c6-4b16-819e-cddb4dcd73d3', N'2ab824d9-aeb3-4630-951c-d6577e98d61f', 976.1200, 22, CAST(N'2019-08-12' AS Date)),
(481, N'b9e62f74-7619-45be-b679-196c740f8d01', N'22268cd5-3be5-44b2-a30f-717cc1f88b50', 332.1600, 65, CAST(N'2020-10-14' AS Date)),
(482, N'8fce53b4-8a0a-43ac-9aa5-ac989d880d4a', N'6c0b1043-97aa-4494-a0a2-ffa51f04d31e', 475.9200, 98, CAST(N'2022-04-10' AS Date)),
(483, N'9c17d29d-2e1e-473a-828a-697037cb8c71', N'45d74a99-1f76-4369-a77a-7a0f44517a54', 684.0400, 71, CAST(N'2021-08-12' AS Date)),
(484, N'8fa58c41-fe11-4871-8272-523a8fbd57c5', N'9c70cbb4-c83d-4926-a1b3-ba22ca474c51', 840.7500, 34, CAST(N'2019-09-08' AS Date)),
(485, N'b58dea53-1ebf-46cc-8f61-b9329415821c', N'32856ccf-1b0a-4310-a995-b4f5b9b942c2', 508.0800, 13, CAST(N'2019-08-31' AS Date)),
(486, N'9748794b-70dc-479b-9a15-ea024c038247', N'6cf1d7e4-0722-4f7a-abd4-067d4f593cad', 748.1500, 62, CAST(N'2020-05-20' AS Date)),
(487, N'b02d452a-67c8-4002-8b09-aaf8aa85501e', N'7034bd4d-e5bd-4310-84b2-999a1ef79ac0', 131.9200, 4, CAST(N'2019-12-29' AS Date)),
(488, N'c3aaf915-d3f3-459f-a10c-9acfb5fba2a5', N'f6bbb2fc-ac9a-4235-8c2f-9535437384dd', 15.0400, 69, CAST(N'2021-02-08' AS Date)),
(489, N'67253b5a-c17d-48ad-b744-20af49bd41d5', N'efed59cd-743b-4dea-9a64-69aac94ccf95', 943.2400, 11, CAST(N'2020-08-07' AS Date)),
(490, N'7578d7f0-52c4-4a1e-83d3-d61072138091', N'8dee66df-68c1-42f9-8224-827f929f3f6e', 322.2300, 43, CAST(N'2022-06-02' AS Date)),
(491, N'317471a6-173e-49f2-889e-9d1ed1e79546', N'9d2a5746-209d-4f7a-b71d-2e2779e9147a', 251.7400, 63, CAST(N'2022-02-02' AS Date)),
(492, N'a2afceb1-4d7e-4e07-aee7-d7406b0af6f7', N'd22fb4b9-8ef5-4555-ba65-a1ecbb8e1702', 400.6100, 25, CAST(N'2019-09-07' AS Date)),
(493, N'91ea4429-e5e2-488a-967b-78d842e91868', N'3682407a-2dd4-440b-b013-21a5cfda2b91', 752.4800, 72, CAST(N'2022-03-10' AS Date)),
(494, N'ac575183-de4a-43f2-8b08-bbeb56825a4d', N'c5be90d7-ba72-4f6f-8860-6682de963349', 795.8700, 13, CAST(N'2022-05-31' AS Date)),
(495, N'9bc937f2-e092-4d67-af7f-8c83e343890e', N'79d702e7-81c7-4c43-b5c9-45e6c88663bd', 553.4700, 12, CAST(N'2020-11-12' AS Date)),
(496, N'20c677d9-bf85-463e-8bc0-dd91109a9075', N'fd39766e-55e2-4e9d-afac-79c39d74686a', 832.0300, 5, CAST(N'2020-04-10' AS Date)),
(497, N'd9012056-b371-42d2-ba0b-9a5faf501a26', N'372c2538-5953-41e2-b379-52f0e2f0c20a', 24.6600, 100, CAST(N'2021-06-11' AS Date)),
(498, N'a4a25427-2a05-438d-b51a-51fd2d34f0b5', N'10781302-7058-41a1-b371-1d82eda47b5e', 654.7400, 27, CAST(N'2022-02-10' AS Date)),
(499, N'31b5928b-d5c1-48e0-a8a4-937885a5970e', N'6152d1e8-53f4-4f99-98f2-5c9f35a1c126', 155.8000, 6, CAST(N'2020-01-23' AS Date)),
(500, N'e1cf447e-26c6-4b16-819e-cddb4dcd73d3', N'1246b845-904f-44d1-bc6e-15a18b228223', 293.6500, 11, CAST(N'2022-03-16' AS Date)),
(501, N'b7311809-6d3a-4c5a-a350-8e40bd567dac', N'0058c637-9260-4ae3-b221-9b4e231bc882', 998.7800, 98, CAST(N'2020-10-08' AS Date)),
(502, N'8fce53b4-8a0a-43ac-9aa5-ac989d880d4a', N'84ced791-c058-4eb9-9371-1aed469b6ca4', 324.0000, 26, CAST(N'2021-07-06' AS Date)),
(503, N'bd6de0de-d376-464e-be41-c31fd5bbd6ab', N'68225bd6-f567-432b-9935-c9569e17cfa4', 124.3000, 58, CAST(N'2021-02-03' AS Date)),
(504, N'cf247620-e2a2-4a95-9116-a190e4f109c9', N'5f1c4eb2-5904-4a9f-9801-d8afcbfc6562', 132.3200, 21, CAST(N'2021-01-30' AS Date)),
(505, N'e518fb62-d062-48c3-8ad2-71b17a3775a6', N'6cf1d7e4-0722-4f7a-abd4-067d4f593cad', 803.8800, 12, CAST(N'2021-07-28' AS Date)),
(506, N'49755ab2-b98c-4bf4-92f9-7531296ec5a2', N'efed59cd-743b-4dea-9a64-69aac94ccf95', 410.6800, 23, CAST(N'2022-03-03' AS Date)),
(507, N'a2afceb1-4d7e-4e07-aee7-d7406b0af6f7', N'f9889414-8f10-49c7-a58d-ab75159795cf', 597.4600, 77, CAST(N'2019-12-15' AS Date)),
(508, N'ac575183-de4a-43f2-8b08-bbeb56825a4d', N'05e5850e-f25c-48a1-9f28-4b1addd2db01', 419.5800, 49, CAST(N'2020-08-29' AS Date)),
(509, N'416c5c35-236d-4bc7-8dfb-d457c3648d9f', N'cc909a70-40b4-4991-bbda-2d76ccc9b52f', 475.1000, 37, CAST(N'2021-04-17' AS Date)),
(510, N'3b8eab77-ac4b-4a2a-9f82-ab9c220f80bc', N'eed2b11b-84cd-444e-afd5-b14a0ffec2bc', 280.8400, 18, CAST(N'2021-01-19' AS Date)),
(511, N'1399aaee-c0a1-49fb-a151-55ea304136f7', N'156f71d4-3abf-4199-9c4a-86e43011bc6c', 71.8900, 70, CAST(N'2019-10-16' AS Date)),
(512, N'16fcb931-e182-4e19-b47b-a6a915d89fd4', N'622c77f5-295a-486d-adf4-300cb1bcc577', 3.1600, 14, CAST(N'2020-10-11' AS Date)),
(513, N'6c4b3826-92fc-4a33-858b-4254e00d4f4b', N'f6bbb2fc-ac9a-4235-8c2f-9535437384dd', 561.8000, 95, CAST(N'2021-05-02' AS Date)),
(514, N'b4ce60ae-af36-4c2d-9946-55dfc6472154', N'fef1668c-0878-46d7-8b78-fb98316b1dbb', 329.3700, 47, CAST(N'2020-06-16' AS Date)),
(515, N'a3099209-9de8-49a6-8b6e-fe34a3c7fb33', N'f28ea4e1-d68f-4eb7-8a03-696d5734b3f3', 269.3900, 52, CAST(N'2021-03-24' AS Date)),
(516, N'b02d452a-67c8-4002-8b09-aaf8aa85501e', N'd2c7e66e-e28e-4be8-a40d-6507d5e1da96', 750.4000, 42, CAST(N'2021-05-15' AS Date)),
(517, N'bdc5d9dc-2ee4-4b78-8f98-33469f732cee', N'd7225f94-33b4-42df-b45e-8b4e79752ae8', 356.6100, 43, CAST(N'2022-04-05' AS Date)),
(518, N'd6870d5b-c731-48eb-b335-e9441c37657b', N'8ec95368-b752-4885-af60-90120a32946c', 392.5500, 29, CAST(N'2020-06-20' AS Date)),
(519, N'b092007c-3e6c-4e1e-8217-654f1eaffb5f', N'd02bc52f-f397-4842-8d05-e3d8363c4dd9', 946.3800, 70, CAST(N'2019-08-18' AS Date)),
(520, N'7774530a-e9f2-4b68-9dcf-8bd92ae37a48', N'32856ccf-1b0a-4310-a995-b4f5b9b942c2', 326.8700, 74, CAST(N'2022-04-10' AS Date)),
(521, N'67253b5a-c17d-48ad-b744-20af49bd41d5', N'9d2a5746-209d-4f7a-b71d-2e2779e9147a', 73.6300, 95, CAST(N'2021-01-18' AS Date)),
(522, N'7e43c03b-6f85-4943-a09e-ac9858bfc208', N'358b5dbc-c2a9-400b-a42e-813e82059d7b', 952.2300, 84, CAST(N'2021-09-07' AS Date)),
(523, N'884c9ae4-b899-4a5a-9630-23398a7f83ac', N'cf564382-4f5b-4216-af07-cc304507fc8a', 179.2200, 32, CAST(N'2019-06-29' AS Date)),
(524, N'8fa58c41-fe11-4871-8272-523a8fbd57c5', N'4dc2b1cc-3e37-4d01-b5aa-2ea721b4e560', 536.5900, 47, CAST(N'2020-11-04' AS Date)),
(525, N'8417ecf4-0c62-4cf1-910b-20e71b2e5c59', N'42042ad7-9894-4408-a696-89f7288c0d39', 904.9400, 73, CAST(N'2020-03-28' AS Date)),
(526, N'602ddce0-3478-4d4f-a138-f279aa5d5b15', N'4a6f0b98-129c-48a9-99bc-9e547faf80c1', 517.0000, 41, CAST(N'2022-01-18' AS Date)),
(527, N'8f93967c-6f6b-4a5f-866d-4e297e874ccd', N'ee6596d0-1616-4ebc-a2dd-a427533c4a41', 871.3900, 36, CAST(N'2020-12-22' AS Date)),
(528, N'5ac74bd1-f311-4b9c-9844-2b576e3fe7d6', N'e5391d8e-c94f-40f5-ae41-be61c84bdd6e', 718.1100, 85, CAST(N'2020-04-29' AS Date)),
(529, N'c7eec6c9-6b64-4119-ab29-817c6f5c74da', N'80591ba5-d5f0-4bee-9ca8-4e8c61058091', 883.4400, 47, CAST(N'2022-01-31' AS Date)),
(530, N'50b26b32-464a-4328-900c-c404b07ee9b9', N'b958ce32-a6f2-4e50-818c-963ec99d096f', 79.2700, 76, CAST(N'2021-09-07' AS Date)),
(531, N'f9a706f9-9fcd-4555-a95a-9b66696e55f1', N'2ab824d9-aeb3-4630-951c-d6577e98d61f', 418.3500, 81, CAST(N'2021-02-26' AS Date)),
(532, N'b58dea53-1ebf-46cc-8f61-b9329415821c', N'5941af06-b49c-4f40-b9c1-4615b2740570', 592.4900, 42, CAST(N'2020-10-16' AS Date)),
(533, N'9c17d29d-2e1e-473a-828a-697037cb8c71', N'd10ebeac-928e-4181-88dc-3f2f06dd2ab0', 367.6300, 59, CAST(N'2022-06-04' AS Date)),
(534, N'5496237d-a67b-4e91-9d44-a31b1dad9424', N'078b236a-97d8-4464-a787-e675723eeff2', 252.2200, 54, CAST(N'2022-03-26' AS Date)),
(535, N'c3aaf915-d3f3-459f-a10c-9acfb5fba2a5', N'00749def-93c9-4e1f-bd95-3bea958b832f', 116.4300, 55, CAST(N'2020-06-24' AS Date)),
(536, N'682e5983-2a12-4773-8380-a2a75af5b900', N'0c3b5ca4-ab33-4ca0-9dbb-59137ca0abf6', 370.4500, 81, CAST(N'2020-01-16' AS Date)),
(537, N'0352e1d9-4964-4bd0-b617-6e03173498b3', N'fe07f38b-296e-4965-bb42-c26731eadf22', 70.3400, 48, CAST(N'2021-01-10' AS Date)),
(538, N'e59c189a-a296-44b3-b500-eba0b8dc28f2', N'1b897be8-7c0f-43ae-9789-767c5acf5f2a', 863.3900, 21, CAST(N'2021-10-23' AS Date)),
(539, N'3d343e33-e900-46ea-95d5-8b91ebbc6cc3', N'5b0abf23-3cb0-4b0d-9978-d518dcb5d1e1', 142.4100, 84, CAST(N'2019-08-26' AS Date)),
(540, N'64a29841-1d85-402b-b31d-d389a81b57bb', N'1c56f6e9-33eb-408b-9ecb-43ed15e4e231', 448.9200, 95, CAST(N'2021-07-17' AS Date)),
(541, N'9bc937f2-e092-4d67-af7f-8c83e343890e', N'fee87fa1-3cb4-4ab0-9fd3-235fc3882826', 980.3700, 98, CAST(N'2021-10-18' AS Date)),
(542, N'159f69cc-8dd3-4689-ae4b-2a5ed5380011', N'a38921aa-feb8-4e12-8ff3-a554bcca897b', 268.4800, 80, CAST(N'2020-10-03' AS Date)),
(543, N'637a1e93-f4d3-43bf-91e5-c59582807e8e', N'79d702e7-81c7-4c43-b5c9-45e6c88663bd', 546.0800, 100, CAST(N'2021-03-03' AS Date)),
(544, N'54f78724-8f15-4dae-9ef4-eec9d8c3c0c3', N'772eca4c-2a9a-46c5-8a11-5bf8bf745fdb', 932.5600, 35, CAST(N'2021-03-18' AS Date)),
(545, N'51a9266d-be19-4ac0-b048-93b2b449bdb2', N'c15d23ed-afbf-4871-95d1-eca83dbaaee8', 939.9900, 52, CAST(N'2021-02-06' AS Date)),
(546, N'd3df54f5-5642-4f9e-ac4e-76b142373c16', N'b5beecf6-c53b-4eec-a9af-112cb4e6959c', 914.1300, 92, CAST(N'2020-07-15' AS Date)),
(547, N'c603e71e-c197-4c0b-9a88-7672d096412a', N'dda7c2a1-58cf-4430-ae72-9b06360699fb', 84.5200, 95, CAST(N'2020-08-11' AS Date)),
(548, N'b135a744-8cb7-4a90-8dd4-eea43c3a4455', N'1320be5b-3c6c-4ba7-9744-745776b0825f', 968.8600, 56, CAST(N'2021-06-03' AS Date)),
(549, N'c1f95514-7e82-4816-a6fa-80e72326e77c', N'478d78fd-9b19-4842-a167-9c9ac7a347b1', 290.7700, 78, CAST(N'2020-05-25' AS Date)),
(550, N'552385b4-c3d8-46a3-8070-5f40b28d9688', N'1414572c-e36d-408d-a2ec-9bf05132725b', 426.5200, 31, CAST(N'2022-01-24' AS Date)),
(551, N'8217186f-2c9b-404f-bf62-437418834adf', N'd22fb4b9-8ef5-4555-ba65-a1ecbb8e1702', 879.5300, 31, CAST(N'2022-06-01' AS Date)),
(552, N'6417ddc0-d46c-4fe0-abed-2f7a0db3560b', N'05a839fc-f5e5-4cd2-94f5-94b021b1ecac', 947.6800, 5, CAST(N'2020-08-04' AS Date)),
(553, N'5afcfeb2-d0c3-4aed-9b13-7e9ed40cebf1', N'9c70cbb4-c83d-4926-a1b3-ba22ca474c51', 23.4900, 86, CAST(N'2019-12-13' AS Date)),
(554, N'a0d9ebcf-1ee0-491f-b6db-89e9708b4d63', N'f4c6c516-1f4d-4fdd-b766-860c07a8be69', 940.8700, 48, CAST(N'2021-04-01' AS Date)),
(555, N'31b5928b-d5c1-48e0-a8a4-937885a5970e', N'45d74a99-1f76-4369-a77a-7a0f44517a54', 448.4400, 22, CAST(N'2021-05-12' AS Date)),
(556, N'168ed2ec-4660-4a54-a049-0c1cb332cf62', N'6f95508a-16a6-4fa7-a3b7-23683a133b85', 305.0000, 80, CAST(N'2020-10-09' AS Date)),
(557, N'1d513d60-fc82-4eed-a938-7aa7aa033918', N'6a041258-f340-49ba-b019-8730fbde469e', 853.7300, 49, CAST(N'2021-05-04' AS Date)),
(558, N'bb95b277-418c-4c54-bccc-f7131b6ba575', N'c1e84a19-782b-42aa-b5d7-9f8e2f4d4e32', 515.1700, 89, CAST(N'2021-12-31' AS Date)),
(559, N'2d042cde-eb49-4ddd-8dd9-7c4abc193aae', N'5dc3a941-1d6b-437c-bad6-79a181d1e817', 644.1200, 69, CAST(N'2020-10-04' AS Date)),
(560, N'af201fa1-4824-4299-97fb-8d5ef51ef325', N'6f0e07b4-40aa-4aec-90ab-d3a80755171b', 990.9000, 80, CAST(N'2021-04-15' AS Date)),
(561, N'2581159d-127f-492a-a9db-86045973f3b4', N'4b1b0439-8080-447d-8e14-7e282031b2fb', 758.9300, 14, CAST(N'2019-10-31' AS Date)),
(562, N'a864b32d-8104-4a85-ba7e-5314940be523', N'2066a870-87ec-41fd-aa81-20c1185b40ae', 139.3000, 21, CAST(N'2020-08-01' AS Date)),
(563, N'f0f3b6d2-747b-42d4-b636-43e40633afe3', N'9de4b300-eecf-4909-b4c0-96352f028ae1', 174.6900, 84, CAST(N'2019-07-10' AS Date)),
(564, N'd80f7914-a7c7-4efe-9621-06c66a703067', N'85a822dd-240f-4064-993b-f620ad3133f7', 336.5500, 12, CAST(N'2019-12-13' AS Date)),
(565, N'fe4eddca-7378-4283-b59b-e71750b027bf', N'22268cd5-3be5-44b2-a30f-717cc1f88b50', 485.3000, 81, CAST(N'2020-09-19' AS Date)),
(566, N'07f30c4a-ac0c-43c7-9d20-affd1fc2998e', N'c49cdd05-da1f-412e-a43f-c3e8a0e46bd3', 543.8500, 19, CAST(N'2019-09-13' AS Date)),
(567, N'ac2fca20-e16e-4c85-9aa2-2d8b39b73641', N'096fca54-0269-4d55-906e-b5a3b5864cbf', 878.5500, 44, CAST(N'2021-12-07' AS Date)),
(568, N'bc0252c5-e0a1-4df6-ac05-621c2e9456dd', N'c5be90d7-ba72-4f6f-8860-6682de963349', 255.8800, 94, CAST(N'2020-01-05' AS Date)),
(569, N'4d169a49-33b8-4837-beb4-e3ded974cf0c', N'3682407a-2dd4-440b-b013-21a5cfda2b91', 949.3100, 77, CAST(N'2021-02-28' AS Date)),
(570, N'679dcb7f-4782-48a4-bb88-e0cd72365ff3', N'0e80af34-d865-4b45-b1b1-eae8723627cf', 590.8000, 67, CAST(N'2020-05-24' AS Date)),
(571, N'd9012056-b371-42d2-ba0b-9a5faf501a26', N'5e80d567-edd1-4c8c-8b8b-5cec54d436ef', 586.6600, 39, CAST(N'2019-11-23' AS Date)),
(572, N'4ce261f3-4a57-4c94-962d-e8dce10ae468', N'2f1d2953-b176-4d9a-85cc-20d3cd1c7e52', 217.7400, 61, CAST(N'2021-08-15' AS Date)),
(573, N'20c677d9-bf85-463e-8bc0-dd91109a9075', N'18b01cfb-e91d-4d71-9c08-81e1ebac8ef5', 459.2300, 62, CAST(N'2020-04-10' AS Date)),
(574, N'91ea4429-e5e2-488a-967b-78d842e91868', N'69bd45ae-f595-4b26-b897-fe183bd8670b', 110.9600, 50, CAST(N'2020-03-02' AS Date)),
(575, N'f9656673-7043-4355-a4bd-ec50c36094d6', N'7034bd4d-e5bd-4310-84b2-999a1ef79ac0', 411.7100, 13, CAST(N'2021-03-26' AS Date)),
(576, N'9748794b-70dc-479b-9a15-ea024c038247', N'c006922d-6672-4305-8c52-9b2819a11e4c', 988.7200, 25, CAST(N'2020-04-01' AS Date)),
(577, N'7a19056c-a7ef-48b4-a1c3-aa6d52937915', N'ab805cb6-409b-4d21-84e2-b22ed7f33776', 37.4700, 34, CAST(N'2021-09-28' AS Date)),
(578, N'aae5f23e-289a-4846-a2b7-a59035f2dc32', N'f3a37a0e-7790-4aac-89bd-91a41a5bc901', 33.0200, 58, CAST(N'2020-02-09' AS Date)),
(579, N'317471a6-173e-49f2-889e-9d1ed1e79546', N'6567928f-b27f-45e9-b10e-b56a51c84c44', 550.8500, 41, CAST(N'2020-10-16' AS Date)),
(580, N'8d3f0286-dfa0-4ac6-b1aa-f6d0a0d27a18', N'089cf825-a07c-42a4-9ad2-73218b2571e9', 430.0600, 67, CAST(N'2022-01-22' AS Date)),
(581, N'82f96b1b-5646-42ca-b912-705467bd0c0f', N'c979c7f2-2a5d-4f22-8b00-bb38ba126cd1', 519.2600, 11, CAST(N'2021-07-08' AS Date)),
(582, N'1b022324-bf5a-4ecb-9495-0cbcd2e2d49d', N'd7e1a361-e91e-4d55-b924-c4b214ff3493', 155.8900, 27, CAST(N'2020-03-12' AS Date)),
(583, N'f6c415eb-c525-48e1-8da8-84f9f322f0bf', N'8dee66df-68c1-42f9-8224-827f929f3f6e', 54.4900, 58, CAST(N'2021-02-15' AS Date)),
(584, N'da0f5388-f467-427b-9eee-fd0159d65fd4', N'b41185fe-9175-4b5c-b488-80ed09bbda61', 178.7300, 75, CAST(N'2020-04-10' AS Date)),
(585, N'b9e62f74-7619-45be-b679-196c740f8d01', N'eddc3cb6-4cdb-4a64-a6cb-753b07d321fb', 386.4600, 53, CAST(N'2020-03-07' AS Date)),
(586, N'66661131-2f13-4676-887b-92610892668f', N'69b97a91-604a-474a-8978-15833db78064', 70.7300, 24, CAST(N'2021-01-03' AS Date)),
(587, N'cba7923e-fc77-453e-95e6-e1da9ca7a4dc', N'ffc55597-5ca5-457d-9809-a3a2b5df5d81', 57.4600, 59, CAST(N'2020-03-05' AS Date)),
(588, N'bfc7de6e-c77d-4134-b129-4425a0601637', N'a256794c-28be-4918-af3f-c37805efb4c7', 542.0500, 36, CAST(N'2021-02-01' AS Date)),
(589, N'a4a25427-2a05-438d-b51a-51fd2d34f0b5', N'59ec25c1-4855-42b1-85cf-0bc84302f733', 231.7300, 79, CAST(N'2021-12-31' AS Date)),
(590, N'd5164bec-9e46-480c-8287-fe029e4c2324', N'6c0b1043-97aa-4494-a0a2-ffa51f04d31e', 830.8900, 43, CAST(N'2021-07-12' AS Date)),
(591, N'f606e469-39b3-4b08-8127-9e47ca43364c', N'ca28edb5-94bd-4a34-89fb-eb810ad66f43', 219.6200, 67, CAST(N'2021-03-25' AS Date)),
(592, N'5c2702e0-2875-4117-a29b-2a6472a3abba', N'8e3a787e-0e9d-4a33-a9c4-d00921deb589', 844.7100, 90, CAST(N'2022-04-08' AS Date)),
(593, N'b17bc60f-780e-4190-aa69-8a08c3998846', N'ad14a27e-97e7-4b31-b3c1-504fab8d8c61', 147.8900, 14, CAST(N'2020-03-12' AS Date)),
(594, N'4bda180e-63b0-43d6-9145-d7928e0d519f', N'eee8a4ec-6a4d-47c8-9db3-130ab839c0ab', 261.9500, 28, CAST(N'2020-06-29' AS Date)),
(595, N'7578d7f0-52c4-4a1e-83d3-d61072138091', N'fb0c8bd0-de34-4eaa-a07c-cf13820e6296', 61.1900, 6, CAST(N'2019-07-05' AS Date)),
(596, N'e87b4600-6025-40df-98d5-bd00c757274c', N'18b01cfb-e91d-4d71-9c08-81e1ebac8ef5', 628.0100, 26, CAST(N'2021-02-17' AS Date)),
(597, N'ccfd6fc2-30fa-4159-b5eb-df847dbff70f', N'9de4b300-eecf-4909-b4c0-96352f028ae1', 570.9600, 21, CAST(N'2022-01-02' AS Date)),
(598, N'f5c1dd8b-7c58-4206-ac8d-c84becb02070', N'5f1c4eb2-5904-4a9f-9801-d8afcbfc6562', 264.9500, 6, CAST(N'2019-10-24' AS Date)),
(599, N'20c677d9-bf85-463e-8bc0-dd91109a9075', N'089cf825-a07c-42a4-9ad2-73218b2571e9', 681.8900, 20, CAST(N'2020-10-14' AS Date)),
(600, N'aae5f23e-289a-4846-a2b7-a59035f2dc32', N'd7225f94-33b4-42df-b45e-8b4e79752ae8', 702.3700, 56, CAST(N'2021-08-01' AS Date)),
(601, N'2d042cde-eb49-4ddd-8dd9-7c4abc193aae', N'2066a870-87ec-41fd-aa81-20c1185b40ae', 671.2000, 17, CAST(N'2020-04-12' AS Date)),
(602, N'd5164bec-9e46-480c-8287-fe029e4c2324', N'd10ebeac-928e-4181-88dc-3f2f06dd2ab0', 291.3400, 96, CAST(N'2021-10-30' AS Date)),
(603, N'bdc5d9dc-2ee4-4b78-8f98-33469f732cee', N'a256794c-28be-4918-af3f-c37805efb4c7', 740.5500, 12, CAST(N'2020-07-22' AS Date)),
(604, N'e518fb62-d062-48c3-8ad2-71b17a3775a6', N'10781302-7058-41a1-b371-1d82eda47b5e', 822.6900, 79, CAST(N'2020-05-09' AS Date)),
(605, N'317471a6-173e-49f2-889e-9d1ed1e79546', N'fee87fa1-3cb4-4ab0-9fd3-235fc3882826', 514.4100, 41, CAST(N'2022-04-27' AS Date)),
(606, N'a2afceb1-4d7e-4e07-aee7-d7406b0af6f7', N'f3a37a0e-7790-4aac-89bd-91a41a5bc901', 778.1900, 63, CAST(N'2021-07-16' AS Date)),
(607, N'5c2702e0-2875-4117-a29b-2a6472a3abba', N'156f71d4-3abf-4199-9c4a-86e43011bc6c', 214.9600, 48, CAST(N'2020-12-29' AS Date)),
(608, N'884c9ae4-b899-4a5a-9630-23398a7f83ac', N'c1e84a19-782b-42aa-b5d7-9f8e2f4d4e32', 398.9400, 78, CAST(N'2019-08-11' AS Date)),
(609, N'f606e469-39b3-4b08-8127-9e47ca43364c', N'9c70cbb4-c83d-4926-a1b3-ba22ca474c51', 329.8600, 30, CAST(N'2022-05-14' AS Date)),
(610, N'a0d9ebcf-1ee0-491f-b6db-89e9708b4d63', N'8e3a787e-0e9d-4a33-a9c4-d00921deb589', 603.5700, 1, CAST(N'2021-05-15' AS Date)),
(611, N'e87b4600-6025-40df-98d5-bd00c757274c', N'1414572c-e36d-408d-a2ec-9bf05132725b', 531.0400, 44, CAST(N'2021-06-25' AS Date)),
(612, N'5ac74bd1-f311-4b9c-9844-2b576e3fe7d6', N'a38921aa-feb8-4e12-8ff3-a554bcca897b', 384.1300, 5, CAST(N'2019-07-29' AS Date)),
(613, N'b092007c-3e6c-4e1e-8217-654f1eaffb5f', N'1c56f6e9-33eb-408b-9ecb-43ed15e4e231', 29.2900, 58, CAST(N'2021-05-23' AS Date)),
(614, N'd80f7914-a7c7-4efe-9621-06c66a703067', N'c15d23ed-afbf-4871-95d1-eca83dbaaee8', 617.9600, 48, CAST(N'2021-05-24' AS Date)),
(615, N'8f93967c-6f6b-4a5f-866d-4e297e874ccd', N'c979c7f2-2a5d-4f22-8b00-bb38ba126cd1', 675.2000, 14, CAST(N'2020-07-18' AS Date)),
(616, N'ac2fca20-e16e-4c85-9aa2-2d8b39b73641', N'b958ce32-a6f2-4e50-818c-963ec99d096f', 887.4900, 60, CAST(N'2020-10-22' AS Date)),
(617, N'682e5983-2a12-4773-8380-a2a75af5b900', N'fef1668c-0878-46d7-8b78-fb98316b1dbb', 116.5700, 9, CAST(N'2020-07-08' AS Date)),
(618, N'8417ecf4-0c62-4cf1-910b-20e71b2e5c59', N'd7e1a361-e91e-4d55-b924-c4b214ff3493', 619.0600, 7, CAST(N'2021-01-05' AS Date)),
(619, N'e1cf447e-26c6-4b16-819e-cddb4dcd73d3', N'00749def-93c9-4e1f-bd95-3bea958b832f', 29.7500, 9, CAST(N'2022-04-17' AS Date)),
(620, N'416c5c35-236d-4bc7-8dfb-d457c3648d9f', N'0c3b5ca4-ab33-4ca0-9dbb-59137ca0abf6', 637.4500, 61, CAST(N'2019-09-24' AS Date)),
(621, N'b58dea53-1ebf-46cc-8f61-b9329415821c', N'59ec25c1-4855-42b1-85cf-0bc84302f733', 542.4000, 89, CAST(N'2022-03-22' AS Date)),
(622, N'3d343e33-e900-46ea-95d5-8b91ebbc6cc3', N'd02bc52f-f397-4842-8d05-e3d8363c4dd9', 831.1100, 13, CAST(N'2021-10-21' AS Date)),
(623, N'552385b4-c3d8-46a3-8070-5f40b28d9688', N'6567928f-b27f-45e9-b10e-b56a51c84c44', 591.7800, 41, CAST(N'2021-06-28' AS Date)),
(624, N'f9a706f9-9fcd-4555-a95a-9b66696e55f1', N'2f1d2953-b176-4d9a-85cc-20d3cd1c7e52', 205.6900, 88, CAST(N'2019-07-15' AS Date)),
(625, N'bb95b277-418c-4c54-bccc-f7131b6ba575', N'8ec95368-b752-4885-af60-90120a32946c', 303.0900, 34, CAST(N'2021-09-06' AS Date)),
(626, N'a864b32d-8104-4a85-ba7e-5314940be523', N'372c2538-5953-41e2-b379-52f0e2f0c20a', 191.6100, 59, CAST(N'2021-02-19' AS Date)),
(627, N'82f96b1b-5646-42ca-b912-705467bd0c0f', N'eed2b11b-84cd-444e-afd5-b14a0ffec2bc', 16.4200, 52, CAST(N'2022-02-17' AS Date)),
(628, N'5afcfeb2-d0c3-4aed-9b13-7e9ed40cebf1', N'cf564382-4f5b-4216-af07-cc304507fc8a', 244.2500, 25, CAST(N'2022-05-10' AS Date)),
(629, N'f5c1dd8b-7c58-4206-ac8d-c84becb02070', N'3682407a-2dd4-440b-b013-21a5cfda2b91', 964.7700, 71, CAST(N'2021-07-09' AS Date)),
(630, N'16fcb931-e182-4e19-b47b-a6a915d89fd4', N'6c0b1043-97aa-4494-a0a2-ffa51f04d31e', 320.9100, 87, CAST(N'2020-11-11' AS Date)),
(631, N'67253b5a-c17d-48ad-b744-20af49bd41d5', N'5941af06-b49c-4f40-b9c1-4615b2740570', 471.8100, 31, CAST(N'2019-09-07' AS Date)),
(632, N'168ed2ec-4660-4a54-a049-0c1cb332cf62', N'0e80af34-d865-4b45-b1b1-eae8723627cf', 231.8700, 67, CAST(N'2022-03-24' AS Date)),
(633, N'cba7923e-fc77-453e-95e6-e1da9ca7a4dc', N'42042ad7-9894-4408-a696-89f7288c0d39', 238.2400, 41, CAST(N'2020-07-01' AS Date)),
(634, N'4d169a49-33b8-4837-beb4-e3ded974cf0c', N'0058c637-9260-4ae3-b221-9b4e231bc882', 451.4800, 85, CAST(N'2020-06-17' AS Date)),
(635, N'7578d7f0-52c4-4a1e-83d3-d61072138091', N'84ced791-c058-4eb9-9371-1aed469b6ca4', 234.7300, 78, CAST(N'2022-02-25' AS Date)),
(636, N'7e43c03b-6f85-4943-a09e-ac9858bfc208', N'1246b845-904f-44d1-bc6e-15a18b228223', 167.1600, 53, CAST(N'2021-03-13' AS Date)),
(637, N'3b8eab77-ac4b-4a2a-9f82-ab9c220f80bc', N'd2c7e66e-e28e-4be8-a40d-6507d5e1da96', 302.3300, 23, CAST(N'2022-06-17' AS Date)),
(638, N'5496237d-a67b-4e91-9d44-a31b1dad9424', N'1320be5b-3c6c-4ba7-9744-745776b0825f', 521.2900, 57, CAST(N'2021-12-15' AS Date)),
(639, N'6c4b3826-92fc-4a33-858b-4254e00d4f4b', N'32856ccf-1b0a-4310-a995-b4f5b9b942c2', 869.1600, 9, CAST(N'2021-01-09' AS Date)),
(640, N'51a9266d-be19-4ac0-b048-93b2b449bdb2', N'6152d1e8-53f4-4f99-98f2-5c9f35a1c126', 737.3400, 86, CAST(N'2020-08-06' AS Date)),
(641, N'8217186f-2c9b-404f-bf62-437418834adf', N'b41185fe-9175-4b5c-b488-80ed09bbda61', 637.6800, 94, CAST(N'2022-01-02' AS Date)),
(642, N'4bda180e-63b0-43d6-9145-d7928e0d519f', N'45d74a99-1f76-4369-a77a-7a0f44517a54', 936.5900, 87, CAST(N'2022-01-02' AS Date)),
(643, N'159f69cc-8dd3-4689-ae4b-2a5ed5380011', N'efed59cd-743b-4dea-9a64-69aac94ccf95', 35.8400, 6, CAST(N'2021-01-31' AS Date)),
(644, N'7774530a-e9f2-4b68-9dcf-8bd92ae37a48', N'dda7c2a1-58cf-4430-ae72-9b06360699fb', 181.0000, 67, CAST(N'2019-07-05' AS Date)),
(645, N'4ce261f3-4a57-4c94-962d-e8dce10ae468', N'f4c6c516-1f4d-4fdd-b766-860c07a8be69', 578.6000, 87, CAST(N'2020-11-27' AS Date)),
(646, N'1399aaee-c0a1-49fb-a151-55ea304136f7', N'5e80d567-edd1-4c8c-8b8b-5cec54d436ef', 319.0400, 93, CAST(N'2020-09-10' AS Date)),
(647, N'07f30c4a-ac0c-43c7-9d20-affd1fc2998e', N'8dee66df-68c1-42f9-8224-827f929f3f6e', 771.6400, 97, CAST(N'2020-04-24' AS Date)),
(648, N'50b26b32-464a-4328-900c-c404b07ee9b9', N'22268cd5-3be5-44b2-a30f-717cc1f88b50', 96.5700, 45, CAST(N'2020-08-27' AS Date)),
(649, N'6417ddc0-d46c-4fe0-abed-2f7a0db3560b', N'eddc3cb6-4cdb-4a64-a6cb-753b07d321fb', 739.0500, 87, CAST(N'2022-03-23' AS Date)),
(650, N'9748794b-70dc-479b-9a15-ea024c038247', N'358b5dbc-c2a9-400b-a42e-813e82059d7b', 1.2100, 63, CAST(N'2019-11-29' AS Date)),
(651, N'c3aaf915-d3f3-459f-a10c-9acfb5fba2a5', N'69bd45ae-f595-4b26-b897-fe183bd8670b', 819.7000, 92, CAST(N'2020-06-10' AS Date)),
(652, N'c1f95514-7e82-4816-a6fa-80e72326e77c', N'80591ba5-d5f0-4bee-9ca8-4e8c61058091', 835.2700, 3, CAST(N'2021-12-17' AS Date)),
(653, N'9bc937f2-e092-4d67-af7f-8c83e343890e', N'cc909a70-40b4-4991-bbda-2d76ccc9b52f', 10.8600, 96, CAST(N'2019-10-27' AS Date)),
(654, N'c5f0b732-69e4-462f-9dfb-37428f9c88d9', N'4a6f0b98-129c-48a9-99bc-9e547faf80c1', 310.0100, 65, CAST(N'2020-03-13' AS Date)),
(655, N'66661131-2f13-4676-887b-92610892668f', N'c5be90d7-ba72-4f6f-8860-6682de963349', 613.3500, 22, CAST(N'2020-01-12' AS Date)),
(656, N'd3df54f5-5642-4f9e-ac4e-76b142373c16', N'f6bbb2fc-ac9a-4235-8c2f-9535437384dd', 919.9400, 67, CAST(N'2022-03-28' AS Date)),
(657, N'637a1e93-f4d3-43bf-91e5-c59582807e8e', N'79d702e7-81c7-4c43-b5c9-45e6c88663bd', 370.0800, 7, CAST(N'2020-07-20' AS Date)),
(658, N'f9656673-7043-4355-a4bd-ec50c36094d6', N'c006922d-6672-4305-8c52-9b2819a11e4c', 229.8300, 56, CAST(N'2021-12-11' AS Date)),
(659, N'b17bc60f-780e-4190-aa69-8a08c3998846', N'478d78fd-9b19-4842-a167-9c9ac7a347b1', 709.1800, 45, CAST(N'2021-03-12' AS Date)),
(660, N'b4ce60ae-af36-4c2d-9946-55dfc6472154', N'6f0e07b4-40aa-4aec-90ab-d3a80755171b', 342.8900, 96, CAST(N'2022-06-18' AS Date)),
(661, N'2581159d-127f-492a-a9db-86045973f3b4', N'7034bd4d-e5bd-4310-84b2-999a1ef79ac0', 774.7500, 9, CAST(N'2021-07-23' AS Date)),
(662, N'c603e71e-c197-4c0b-9a88-7672d096412a', N'5dc3a941-1d6b-437c-bad6-79a181d1e817', 328.8000, 15, CAST(N'2020-11-18' AS Date)),
(663, N'bc0252c5-e0a1-4df6-ac05-621c2e9456dd', N'622c77f5-295a-486d-adf4-300cb1bcc577', 127.2100, 75, CAST(N'2021-10-10' AS Date)),
(664, N'd6870d5b-c731-48eb-b335-e9441c37657b', N'2ab824d9-aeb3-4630-951c-d6577e98d61f', 252.0400, 44, CAST(N'2021-06-07' AS Date)),
(665, N'64a29841-1d85-402b-b31d-d389a81b57bb', N'05e5850e-f25c-48a1-9f28-4b1addd2db01', 612.6700, 50, CAST(N'2021-01-15' AS Date)),
(666, N'c7eec6c9-6b64-4119-ab29-817c6f5c74da', N'078b236a-97d8-4464-a787-e675723eeff2', 918.2900, 4, CAST(N'2020-02-09' AS Date)),
(667, N'49755ab2-b98c-4bf4-92f9-7531296ec5a2', N'ee6596d0-1616-4ebc-a2dd-a427533c4a41', 192.7500, 80, CAST(N'2022-03-15' AS Date)),
(668, N'bd6de0de-d376-464e-be41-c31fd5bbd6ab', N'fd39766e-55e2-4e9d-afac-79c39d74686a', 925.5700, 20, CAST(N'2020-07-07' AS Date)),
(669, N'b135a744-8cb7-4a90-8dd4-eea43c3a4455', N'1b897be8-7c0f-43ae-9789-767c5acf5f2a', 755.5200, 69, CAST(N'2020-02-17' AS Date)),
(670, N'fe4eddca-7378-4283-b59b-e71750b027bf', N'4b1b0439-8080-447d-8e14-7e282031b2fb', 831.3600, 81, CAST(N'2020-04-21' AS Date)),
(671, N'a4a25427-2a05-438d-b51a-51fd2d34f0b5', N'e5391d8e-c94f-40f5-ae41-be61c84bdd6e', 544.4500, 45, CAST(N'2021-11-18' AS Date)),
(672, N'8fa58c41-fe11-4871-8272-523a8fbd57c5', N'b5beecf6-c53b-4eec-a9af-112cb4e6959c', 811.6800, 70, CAST(N'2021-12-11' AS Date)),
(673, N'8fce53b4-8a0a-43ac-9aa5-ac989d880d4a', N'69b97a91-604a-474a-8978-15833db78064', 888.4500, 59, CAST(N'2022-02-22' AS Date)),
(674, N'b9e62f74-7619-45be-b679-196c740f8d01', N'f9889414-8f10-49c7-a58d-ab75159795cf', 141.5900, 70, CAST(N'2020-03-05' AS Date)),
(675, N'da0f5388-f467-427b-9eee-fd0159d65fd4', N'05a839fc-f5e5-4cd2-94f5-94b021b1ecac', 272.6600, 43, CAST(N'2019-10-20' AS Date)),
(676, N'31b5928b-d5c1-48e0-a8a4-937885a5970e', N'f28ea4e1-d68f-4eb7-8a03-696d5734b3f3', 357.1700, 66, CAST(N'2020-04-11' AS Date)),
(677, N'd9012056-b371-42d2-ba0b-9a5faf501a26', N'fb0c8bd0-de34-4eaa-a07c-cf13820e6296', 235.0500, 28, CAST(N'2019-10-17' AS Date)),
(678, N'54f78724-8f15-4dae-9ef4-eec9d8c3c0c3', N'c49cdd05-da1f-412e-a43f-c3e8a0e46bd3', 23.8900, 68, CAST(N'2021-05-07' AS Date)),
(679, N'ac575183-de4a-43f2-8b08-bbeb56825a4d', N'6cf1d7e4-0722-4f7a-abd4-067d4f593cad', 488.2200, 74, CAST(N'2020-07-24' AS Date)),
(680, N'a3099209-9de8-49a6-8b6e-fe34a3c7fb33', N'5b0abf23-3cb0-4b0d-9978-d518dcb5d1e1', 303.1900, 9, CAST(N'2021-05-22' AS Date)),
(681, N'e59c189a-a296-44b3-b500-eba0b8dc28f2', N'096fca54-0269-4d55-906e-b5a3b5864cbf', 967.3000, 50, CAST(N'2021-02-26' AS Date)),
(682, N'f6c415eb-c525-48e1-8da8-84f9f322f0bf', N'ab805cb6-409b-4d21-84e2-b22ed7f33776', 371.9300, 5, CAST(N'2021-05-20' AS Date)),
(683, N'7a19056c-a7ef-48b4-a1c3-aa6d52937915', N'772eca4c-2a9a-46c5-8a11-5bf8bf745fdb', 664.0400, 4, CAST(N'2019-12-25' AS Date)),
(684, N'f0f3b6d2-747b-42d4-b636-43e40633afe3', N'fe07f38b-296e-4965-bb42-c26731eadf22', 690.8800, 87, CAST(N'2021-04-07' AS Date)),
(685, N'9c17d29d-2e1e-473a-828a-697037cb8c71', N'ffc55597-5ca5-457d-9809-a3a2b5df5d81', 961.0600, 85, CAST(N'2020-10-11' AS Date)),
(686, N'0352e1d9-4964-4bd0-b617-6e03173498b3', N'68225bd6-f567-432b-9935-c9569e17cfa4', 750.1300, 41, CAST(N'2020-08-29' AS Date)),
(687, N'b02d452a-67c8-4002-8b09-aaf8aa85501e', N'ca28edb5-94bd-4a34-89fb-eb810ad66f43', 999.1300, 8, CAST(N'2021-07-25' AS Date)),
(688, N'602ddce0-3478-4d4f-a138-f279aa5d5b15', N'4dc2b1cc-3e37-4d01-b5aa-2ea721b4e560', 279.2000, 64, CAST(N'2019-11-13' AS Date)),
(689, N'8d3f0286-dfa0-4ac6-b1aa-f6d0a0d27a18', N'6a041258-f340-49ba-b019-8730fbde469e', 885.7600, 75, CAST(N'2019-12-28' AS Date)),
(690, N'af201fa1-4824-4299-97fb-8d5ef51ef325', N'9d2a5746-209d-4f7a-b71d-2e2779e9147a', 983.8500, 15, CAST(N'2019-10-04' AS Date)),
(691, N'cf247620-e2a2-4a95-9116-a190e4f109c9', N'6f95508a-16a6-4fa7-a3b7-23683a133b85', 905.9200, 73, CAST(N'2022-04-16' AS Date)),
(692, N'1b022324-bf5a-4ecb-9495-0cbcd2e2d49d', N'ad14a27e-97e7-4b31-b3c1-504fab8d8c61', 925.8000, 11, CAST(N'2021-09-18' AS Date)),
(693, N'b7311809-6d3a-4c5a-a350-8e40bd567dac', N'eee8a4ec-6a4d-47c8-9db3-130ab839c0ab', 157.2600, 23, CAST(N'2019-12-11' AS Date)),
(694, N'679dcb7f-4782-48a4-bb88-e0cd72365ff3', N'd22fb4b9-8ef5-4555-ba65-a1ecbb8e1702', 54.4800, 27, CAST(N'2021-03-19' AS Date)),
(695, N'bfc7de6e-c77d-4134-b129-4425a0601637', N'45d74a99-1f76-4369-a77a-7a0f44517a54', 212.7300, 75, CAST(N'2021-12-21' AS Date)),
(696, N'91ea4429-e5e2-488a-967b-78d842e91868', N'10781302-7058-41a1-b371-1d82eda47b5e', 686.1100, 53, CAST(N'2022-04-26' AS Date)),
(697, N'1d513d60-fc82-4eed-a938-7aa7aa033918', N'cc909a70-40b4-4991-bbda-2d76ccc9b52f', 453.6600, 39, CAST(N'2019-10-14' AS Date)),
(698, N'ccfd6fc2-30fa-4159-b5eb-df847dbff70f', N'05a839fc-f5e5-4cd2-94f5-94b021b1ecac', 703.8300, 51, CAST(N'2020-11-11' AS Date)),
(699, N'317471a6-173e-49f2-889e-9d1ed1e79546', N'372c2538-5953-41e2-b379-52f0e2f0c20a', 478.3600, 57, CAST(N'2020-12-12' AS Date)),
(700, N'31b5928b-d5c1-48e0-a8a4-937885a5970e', N'efed59cd-743b-4dea-9a64-69aac94ccf95', 536.5400, 84, CAST(N'2021-06-03' AS Date)),
(701, N'91ea4429-e5e2-488a-967b-78d842e91868', N'fef1668c-0878-46d7-8b78-fb98316b1dbb', 112.3500, 76, CAST(N'2021-12-02' AS Date)),
(702, N'a3099209-9de8-49a6-8b6e-fe34a3c7fb33', N'cf564382-4f5b-4216-af07-cc304507fc8a', 771.8200, 74, CAST(N'2020-09-14' AS Date)),
(703, N'ccfd6fc2-30fa-4159-b5eb-df847dbff70f', N'84ced791-c058-4eb9-9371-1aed469b6ca4', 285.5200, 42, CAST(N'2019-10-22' AS Date)),
(704, N'6c4b3826-92fc-4a33-858b-4254e00d4f4b', N'69b97a91-604a-474a-8978-15833db78064', 437.2100, 91, CAST(N'2021-03-17' AS Date)),
(705, N'4d169a49-33b8-4837-beb4-e3ded974cf0c', N'ee6596d0-1616-4ebc-a2dd-a427533c4a41', 668.6400, 83, CAST(N'2022-03-14' AS Date)),
(706, N'e518fb62-d062-48c3-8ad2-71b17a3775a6', N'5e80d567-edd1-4c8c-8b8b-5cec54d436ef', 87.2100, 81, CAST(N'2021-06-26' AS Date)),
(707, N'f9a706f9-9fcd-4555-a95a-9b66696e55f1', N'9d2a5746-209d-4f7a-b71d-2e2779e9147a', 421.2300, 81, CAST(N'2020-12-12' AS Date)),
(708, N'82f96b1b-5646-42ca-b912-705467bd0c0f', N'e5391d8e-c94f-40f5-ae41-be61c84bdd6e', 684.8100, 31, CAST(N'2021-09-08' AS Date)),
(709, N'b58dea53-1ebf-46cc-8f61-b9329415821c', N'eddc3cb6-4cdb-4a64-a6cb-753b07d321fb', 612.3300, 18, CAST(N'2021-02-02' AS Date)),
(710, N'c603e71e-c197-4c0b-9a88-7672d096412a', N'ab805cb6-409b-4d21-84e2-b22ed7f33776', 510.0200, 89, CAST(N'2020-07-15' AS Date)),
(711, N'bdc5d9dc-2ee4-4b78-8f98-33469f732cee', N'b958ce32-a6f2-4e50-818c-963ec99d096f', 885.8600, 94, CAST(N'2021-12-27' AS Date)),
(712, N'3b8eab77-ac4b-4a2a-9f82-ab9c220f80bc', N'9de4b300-eecf-4909-b4c0-96352f028ae1', 217.0200, 27, CAST(N'2019-10-16' AS Date)),
(713, N'b02d452a-67c8-4002-8b09-aaf8aa85501e', N'b41185fe-9175-4b5c-b488-80ed09bbda61', 656.9700, 35, CAST(N'2021-10-20' AS Date)),
(714, N'8fa58c41-fe11-4871-8272-523a8fbd57c5', N'f28ea4e1-d68f-4eb7-8a03-696d5734b3f3', 760.8400, 45, CAST(N'2020-10-26' AS Date)),
(715, N'7774530a-e9f2-4b68-9dcf-8bd92ae37a48', N'2ab824d9-aeb3-4630-951c-d6577e98d61f', 403.8900, 90, CAST(N'2022-03-29' AS Date)),
(716, N'2581159d-127f-492a-a9db-86045973f3b4', N'05e5850e-f25c-48a1-9f28-4b1addd2db01', 244.1300, 96, CAST(N'2022-06-17' AS Date)),
(717, N'159f69cc-8dd3-4689-ae4b-2a5ed5380011', N'5dc3a941-1d6b-437c-bad6-79a181d1e817', 388.6700, 52, CAST(N'2020-01-18' AS Date)),
(718, N'da0f5388-f467-427b-9eee-fd0159d65fd4', N'1246b845-904f-44d1-bc6e-15a18b228223', 268.6700, 8, CAST(N'2021-12-18' AS Date)),
(719, N'd9012056-b371-42d2-ba0b-9a5faf501a26', N'0058c637-9260-4ae3-b221-9b4e231bc882', 8.7200, 46, CAST(N'2021-11-08' AS Date)),
(720, N'f9656673-7043-4355-a4bd-ec50c36094d6', N'ca28edb5-94bd-4a34-89fb-eb810ad66f43', 330.4500, 74, CAST(N'2021-01-23' AS Date)),
(721, N'f6c415eb-c525-48e1-8da8-84f9f322f0bf', N'd2c7e66e-e28e-4be8-a40d-6507d5e1da96', 579.2500, 67, CAST(N'2021-02-13' AS Date)),
(722, N'b7311809-6d3a-4c5a-a350-8e40bd567dac', N'ffc55597-5ca5-457d-9809-a3a2b5df5d81', 820.7900, 6, CAST(N'2020-09-16' AS Date)),
(723, N'af201fa1-4824-4299-97fb-8d5ef51ef325', N'156f71d4-3abf-4199-9c4a-86e43011bc6c', 77.4600, 30, CAST(N'2020-08-15' AS Date)),
(724, N'884c9ae4-b899-4a5a-9630-23398a7f83ac', N'22268cd5-3be5-44b2-a30f-717cc1f88b50', 470.4800, 85, CAST(N'2021-05-03' AS Date)),
(725, N'5496237d-a67b-4e91-9d44-a31b1dad9424', N'6cf1d7e4-0722-4f7a-abd4-067d4f593cad', 438.8700, 77, CAST(N'2021-10-07' AS Date)),
(726, N'1b022324-bf5a-4ecb-9495-0cbcd2e2d49d', N'42042ad7-9894-4408-a696-89f7288c0d39', 732.0000, 3, CAST(N'2020-05-10' AS Date)),
(727, N'16fcb931-e182-4e19-b47b-a6a915d89fd4', N'dda7c2a1-58cf-4430-ae72-9b06360699fb', 312.5400, 82, CAST(N'2020-07-30' AS Date)),
(728, N'bc0252c5-e0a1-4df6-ac05-621c2e9456dd', N'fb0c8bd0-de34-4eaa-a07c-cf13820e6296', 924.5600, 84, CAST(N'2019-07-20' AS Date)),
(729, N'e87b4600-6025-40df-98d5-bd00c757274c', N'089cf825-a07c-42a4-9ad2-73218b2571e9', 726.6000, 18, CAST(N'2020-06-11' AS Date)),
(730, N'c1f95514-7e82-4816-a6fa-80e72326e77c', N'096fca54-0269-4d55-906e-b5a3b5864cbf', 171.0200, 48, CAST(N'2021-07-13' AS Date)),
(731, N'1399aaee-c0a1-49fb-a151-55ea304136f7', N'c979c7f2-2a5d-4f22-8b00-bb38ba126cd1', 142.5700, 96, CAST(N'2021-09-10' AS Date)),
(732, N'cba7923e-fc77-453e-95e6-e1da9ca7a4dc', N'6a041258-f340-49ba-b019-8730fbde469e', 64.5100, 66, CAST(N'2022-02-02' AS Date)),
(733, N'd3df54f5-5642-4f9e-ac4e-76b142373c16', N'59ec25c1-4855-42b1-85cf-0bc84302f733', 248.6300, 96, CAST(N'2020-06-30' AS Date)),
(734, N'67253b5a-c17d-48ad-b744-20af49bd41d5', N'1320be5b-3c6c-4ba7-9744-745776b0825f', 842.6900, 53, CAST(N'2021-05-20' AS Date)),
(735, N'64a29841-1d85-402b-b31d-d389a81b57bb', N'078b236a-97d8-4464-a787-e675723eeff2', 585.6900, 55, CAST(N'2021-12-22' AS Date)),
(736, N'd5164bec-9e46-480c-8287-fe029e4c2324', N'2066a870-87ec-41fd-aa81-20c1185b40ae', 616.5200, 48, CAST(N'2019-10-25' AS Date)),
(737, N'f606e469-39b3-4b08-8127-9e47ca43364c', N'478d78fd-9b19-4842-a167-9c9ac7a347b1', 282.7900, 45, CAST(N'2021-07-23' AS Date)),
(738, N'b17bc60f-780e-4190-aa69-8a08c3998846', N'9c70cbb4-c83d-4926-a1b3-ba22ca474c51', 387.9000, 71, CAST(N'2021-02-25' AS Date)),
(739, N'bb95b277-418c-4c54-bccc-f7131b6ba575', N'80591ba5-d5f0-4bee-9ca8-4e8c61058091', 516.6100, 22, CAST(N'2020-04-11' AS Date)),
(740, N'8d3f0286-dfa0-4ac6-b1aa-f6d0a0d27a18', N'358b5dbc-c2a9-400b-a42e-813e82059d7b', 230.1100, 8, CAST(N'2022-01-06' AS Date)),
(741, N'682e5983-2a12-4773-8380-a2a75af5b900', N'6567928f-b27f-45e9-b10e-b56a51c84c44', 482.4700, 76, CAST(N'2021-12-16' AS Date)),
(742, N'679dcb7f-4782-48a4-bb88-e0cd72365ff3', N'd22fb4b9-8ef5-4555-ba65-a1ecbb8e1702', 317.8500, 12, CAST(N'2020-03-04' AS Date)),
(743, N'd6870d5b-c731-48eb-b335-e9441c37657b', N'd7e1a361-e91e-4d55-b924-c4b214ff3493', 366.3000, 31, CAST(N'2019-10-01' AS Date)),
(744, N'07f30c4a-ac0c-43c7-9d20-affd1fc2998e', N'5b0abf23-3cb0-4b0d-9978-d518dcb5d1e1', 401.2600, 61, CAST(N'2020-04-29' AS Date)),
(745, N'602ddce0-3478-4d4f-a138-f279aa5d5b15', N'8dee66df-68c1-42f9-8224-827f929f3f6e', 158.9800, 1, CAST(N'2020-11-16' AS Date)),
(746, N'6417ddc0-d46c-4fe0-abed-2f7a0db3560b', N'4dc2b1cc-3e37-4d01-b5aa-2ea721b4e560', 738.5300, 35, CAST(N'2020-04-29' AS Date)),
(747, N'50b26b32-464a-4328-900c-c404b07ee9b9', N'c006922d-6672-4305-8c52-9b2819a11e4c', 964.0300, 10, CAST(N'2020-10-19' AS Date)),
(748, N'c5f0b732-69e4-462f-9dfb-37428f9c88d9', N'7034bd4d-e5bd-4310-84b2-999a1ef79ac0', 905.1800, 16, CAST(N'2020-07-26' AS Date)),
(749, N'8f93967c-6f6b-4a5f-866d-4e297e874ccd', N'6f0e07b4-40aa-4aec-90ab-d3a80755171b', 880.0900, 99, CAST(N'2022-04-22' AS Date)),
(750, N'c3aaf915-d3f3-459f-a10c-9acfb5fba2a5', N'69bd45ae-f595-4b26-b897-fe183bd8670b', 629.5800, 44, CAST(N'2021-05-07' AS Date)),
(751, N'c7eec6c9-6b64-4119-ab29-817c6f5c74da', N'0e80af34-d865-4b45-b1b1-eae8723627cf', 256.2800, 35, CAST(N'2019-08-03' AS Date)),
(752, N'f5c1dd8b-7c58-4206-ac8d-c84becb02070', N'ad14a27e-97e7-4b31-b3c1-504fab8d8c61', 131.4800, 79, CAST(N'2019-06-24' AS Date)),
(753, N'b135a744-8cb7-4a90-8dd4-eea43c3a4455', N'8e3a787e-0e9d-4a33-a9c4-d00921deb589', 502.1000, 34, CAST(N'2021-12-05' AS Date)),
(754, N'9c17d29d-2e1e-473a-828a-697037cb8c71', N'3682407a-2dd4-440b-b013-21a5cfda2b91', 919.7900, 53, CAST(N'2019-06-26' AS Date)),
(755, N'aae5f23e-289a-4846-a2b7-a59035f2dc32', N'6c0b1043-97aa-4494-a0a2-ffa51f04d31e', 442.5200, 73, CAST(N'2020-12-28' AS Date)),
(756, N'5afcfeb2-d0c3-4aed-9b13-7e9ed40cebf1', N'00749def-93c9-4e1f-bd95-3bea958b832f', 345.4100, 97, CAST(N'2020-10-25' AS Date)),
(757, N'49755ab2-b98c-4bf4-92f9-7531296ec5a2', N'b5beecf6-c53b-4eec-a9af-112cb4e6959c', 748.1600, 50, CAST(N'2021-01-05' AS Date)),
(758, N'b092007c-3e6c-4e1e-8217-654f1eaffb5f', N'6f95508a-16a6-4fa7-a3b7-23683a133b85', 918.2600, 31, CAST(N'2020-08-10' AS Date)),
(759, N'168ed2ec-4660-4a54-a049-0c1cb332cf62', N'79d702e7-81c7-4c43-b5c9-45e6c88663bd', 236.7500, 58, CAST(N'2020-03-01' AS Date)),
(760, N'54f78724-8f15-4dae-9ef4-eec9d8c3c0c3', N'1414572c-e36d-408d-a2ec-9bf05132725b', 269.3700, 9, CAST(N'2022-03-07' AS Date)),
(761, N'1d513d60-fc82-4eed-a938-7aa7aa033918', N'c15d23ed-afbf-4871-95d1-eca83dbaaee8', 2.9400, 7, CAST(N'2020-04-10' AS Date)),
(762, N'4bda180e-63b0-43d6-9145-d7928e0d519f', N'fee87fa1-3cb4-4ab0-9fd3-235fc3882826', 853.6500, 38, CAST(N'2021-03-19' AS Date)),
(763, N'bd6de0de-d376-464e-be41-c31fd5bbd6ab', N'd10ebeac-928e-4181-88dc-3f2f06dd2ab0', 156.4700, 88, CAST(N'2021-07-29' AS Date)),
(764, N'a0d9ebcf-1ee0-491f-b6db-89e9708b4d63', N'c49cdd05-da1f-412e-a43f-c3e8a0e46bd3', 485.3000, 21, CAST(N'2020-05-14' AS Date)),
(765, N'7578d7f0-52c4-4a1e-83d3-d61072138091', N'772eca4c-2a9a-46c5-8a11-5bf8bf745fdb', 953.6000, 17, CAST(N'2021-03-13' AS Date)),
(766, N'0352e1d9-4964-4bd0-b617-6e03173498b3', N'c5be90d7-ba72-4f6f-8860-6682de963349', 46.2800, 71, CAST(N'2021-06-24' AS Date)),
(767, N'cf247620-e2a2-4a95-9116-a190e4f109c9', N'18b01cfb-e91d-4d71-9c08-81e1ebac8ef5', 192.1600, 97, CAST(N'2020-10-16' AS Date)),
(768, N'20c677d9-bf85-463e-8bc0-dd91109a9075', N'd02bc52f-f397-4842-8d05-e3d8363c4dd9', 680.7100, 49, CAST(N'2021-10-29' AS Date)),
(769, N'8417ecf4-0c62-4cf1-910b-20e71b2e5c59', N'4b1b0439-8080-447d-8e14-7e282031b2fb', 387.3800, 56, CAST(N'2020-02-09' AS Date)),
(770, N'4ce261f3-4a57-4c94-962d-e8dce10ae468', N'622c77f5-295a-486d-adf4-300cb1bcc577', 374.0700, 33, CAST(N'2021-07-29' AS Date)),
(771, N'8217186f-2c9b-404f-bf62-437418834adf', N'5941af06-b49c-4f40-b9c1-4615b2740570', 620.9300, 91, CAST(N'2019-12-19' AS Date)),
(772, N'51a9266d-be19-4ac0-b048-93b2b449bdb2', N'a256794c-28be-4918-af3f-c37805efb4c7', 65.2600, 31, CAST(N'2020-09-13' AS Date)),
(773, N'7a19056c-a7ef-48b4-a1c3-aa6d52937915', N'5f1c4eb2-5904-4a9f-9801-d8afcbfc6562', 40.0500, 64, CAST(N'2020-04-04' AS Date)),
(774, N'552385b4-c3d8-46a3-8070-5f40b28d9688', N'f6bbb2fc-ac9a-4235-8c2f-9535437384dd', 80.9600, 97, CAST(N'2020-03-25' AS Date)),
(775, N'a4a25427-2a05-438d-b51a-51fd2d34f0b5', N'fd39766e-55e2-4e9d-afac-79c39d74686a', 540.4200, 92, CAST(N'2019-08-16' AS Date)),
(776, N'd80f7914-a7c7-4efe-9621-06c66a703067', N'68225bd6-f567-432b-9935-c9569e17cfa4', 829.1200, 41, CAST(N'2022-05-06' AS Date)),
(777, N'a864b32d-8104-4a85-ba7e-5314940be523', N'32856ccf-1b0a-4310-a995-b4f5b9b942c2', 914.1800, 53, CAST(N'2022-01-03' AS Date)),
(778, N'a2afceb1-4d7e-4e07-aee7-d7406b0af6f7', N'd7225f94-33b4-42df-b45e-8b4e79752ae8', 639.0600, 95, CAST(N'2020-12-04' AS Date)),
(779, N'f0f3b6d2-747b-42d4-b636-43e40633afe3', N'fe07f38b-296e-4965-bb42-c26731eadf22', 708.1300, 89, CAST(N'2019-10-25' AS Date)),
(780, N'2d042cde-eb49-4ddd-8dd9-7c4abc193aae', N'f3a37a0e-7790-4aac-89bd-91a41a5bc901', 903.4700, 72, CAST(N'2020-01-02' AS Date)),
(781, N'fe4eddca-7378-4283-b59b-e71750b027bf', N'85a822dd-240f-4064-993b-f620ad3133f7', 937.5400, 7, CAST(N'2021-06-26' AS Date)),
(782, N'b4ce60ae-af36-4c2d-9946-55dfc6472154', N'eee8a4ec-6a4d-47c8-9db3-130ab839c0ab', 224.0600, 42, CAST(N'2021-11-07' AS Date)),
(783, N'ac2fca20-e16e-4c85-9aa2-2d8b39b73641', N'0c3b5ca4-ab33-4ca0-9dbb-59137ca0abf6', 291.0500, 33, CAST(N'2021-08-12' AS Date)),
(784, N'e59c189a-a296-44b3-b500-eba0b8dc28f2', N'8ec95368-b752-4885-af60-90120a32946c', 541.6400, 87, CAST(N'2021-02-05' AS Date)),
(785, N'66661131-2f13-4676-887b-92610892668f', N'f9889414-8f10-49c7-a58d-ab75159795cf', 481.4000, 20, CAST(N'2021-06-20' AS Date)),
(786, N'e1cf447e-26c6-4b16-819e-cddb4dcd73d3', N'eed2b11b-84cd-444e-afd5-b14a0ffec2bc', 397.2000, 94, CAST(N'2020-10-20' AS Date)),
(787, N'9748794b-70dc-479b-9a15-ea024c038247', N'6152d1e8-53f4-4f99-98f2-5c9f35a1c126', 98.5500, 85, CAST(N'2022-05-11' AS Date)),
(788, N'3d343e33-e900-46ea-95d5-8b91ebbc6cc3', N'f4c6c516-1f4d-4fdd-b766-860c07a8be69', 672.7900, 20, CAST(N'2020-04-07' AS Date)),
(789, N'8fce53b4-8a0a-43ac-9aa5-ac989d880d4a', N'c1e84a19-782b-42aa-b5d7-9f8e2f4d4e32', 499.3500, 97, CAST(N'2020-11-25' AS Date)),
(790, N'5c2702e0-2875-4117-a29b-2a6472a3abba', N'1c56f6e9-33eb-408b-9ecb-43ed15e4e231', 251.0000, 85, CAST(N'2019-11-22' AS Date)),
(791, N'bfc7de6e-c77d-4134-b129-4425a0601637', N'2f1d2953-b176-4d9a-85cc-20d3cd1c7e52', 842.9000, 16, CAST(N'2020-01-05' AS Date)),
(792, N'416c5c35-236d-4bc7-8dfb-d457c3648d9f', N'a38921aa-feb8-4e12-8ff3-a554bcca897b', 811.3300, 66, CAST(N'2020-10-16' AS Date)),
(793, N'637a1e93-f4d3-43bf-91e5-c59582807e8e', N'1b897be8-7c0f-43ae-9789-767c5acf5f2a', 188.7000, 61, CAST(N'2021-06-29' AS Date)),
(794, N'ac575183-de4a-43f2-8b08-bbeb56825a4d', N'b5beecf6-c53b-4eec-a9af-112cb4e6959c', 669.0300, 65, CAST(N'2020-06-14' AS Date)),
(795, N'b9e62f74-7619-45be-b679-196c740f8d01', N'c15d23ed-afbf-4871-95d1-eca83dbaaee8', 907.1600, 41, CAST(N'2022-04-15' AS Date)),
(796, N'9bc937f2-e092-4d67-af7f-8c83e343890e', N'6152d1e8-53f4-4f99-98f2-5c9f35a1c126', 93.4900, 12, CAST(N'2022-03-24' AS Date)),
(797, N'7e43c03b-6f85-4943-a09e-ac9858bfc208', N'cc909a70-40b4-4991-bbda-2d76ccc9b52f', 752.5200, 17, CAST(N'2020-12-22' AS Date)),
(798, N'5ac74bd1-f311-4b9c-9844-2b576e3fe7d6', N'd22fb4b9-8ef5-4555-ba65-a1ecbb8e1702', 455.7200, 71, CAST(N'2022-01-03' AS Date)),
(799, N'a864b32d-8104-4a85-ba7e-5314940be523', N'6f95508a-16a6-4fa7-a3b7-23683a133b85', 211.8300, 25, CAST(N'2022-05-05' AS Date)),
(800, N'82f96b1b-5646-42ca-b912-705467bd0c0f', N'f3a37a0e-7790-4aac-89bd-91a41a5bc901', 212.7100, 58, CAST(N'2021-10-24' AS Date)),
(801, N'1b022324-bf5a-4ecb-9495-0cbcd2e2d49d', N'cf564382-4f5b-4216-af07-cc304507fc8a', 949.0000, 69, CAST(N'2020-06-23' AS Date)),
(802, N'51a9266d-be19-4ac0-b048-93b2b449bdb2', N'fb0c8bd0-de34-4eaa-a07c-cf13820e6296', 66.5000, 90, CAST(N'2022-02-02' AS Date)),
(803, N'ccfd6fc2-30fa-4159-b5eb-df847dbff70f', N'1320be5b-3c6c-4ba7-9744-745776b0825f', 381.6000, 22, CAST(N'2019-10-14' AS Date)),
(804, N'5496237d-a67b-4e91-9d44-a31b1dad9424', N'8ec95368-b752-4885-af60-90120a32946c', 969.2000, 33, CAST(N'2021-02-06' AS Date)),
(805, N'8d3f0286-dfa0-4ac6-b1aa-f6d0a0d27a18', N'00749def-93c9-4e1f-bd95-3bea958b832f', 953.8200, 7, CAST(N'2019-10-27' AS Date)),
(806, N'2d042cde-eb49-4ddd-8dd9-7c4abc193aae', N'9c70cbb4-c83d-4926-a1b3-ba22ca474c51', 668.7200, 40, CAST(N'2020-10-26' AS Date)),
(807, N'e59c189a-a296-44b3-b500-eba0b8dc28f2', N'9de4b300-eecf-4909-b4c0-96352f028ae1', 767.1800, 47, CAST(N'2022-05-26' AS Date)),
(808, N'f5c1dd8b-7c58-4206-ac8d-c84becb02070', N'32856ccf-1b0a-4310-a995-b4f5b9b942c2', 881.5400, 90, CAST(N'2019-10-02' AS Date)),
(809, N'e518fb62-d062-48c3-8ad2-71b17a3775a6', N'f6bbb2fc-ac9a-4235-8c2f-9535437384dd', 559.8100, 50, CAST(N'2019-09-05' AS Date)),
(810, N'aae5f23e-289a-4846-a2b7-a59035f2dc32', N'fe07f38b-296e-4965-bb42-c26731eadf22', 48.0600, 100, CAST(N'2022-01-29' AS Date)),
(811, N'8417ecf4-0c62-4cf1-910b-20e71b2e5c59', N'c49cdd05-da1f-412e-a43f-c3e8a0e46bd3', 640.8300, 51, CAST(N'2022-01-20' AS Date)),
(812, N'f0f3b6d2-747b-42d4-b636-43e40633afe3', N'4a6f0b98-129c-48a9-99bc-9e547faf80c1', 558.5400, 18, CAST(N'2020-07-24' AS Date)),
(813, N'7e43c03b-6f85-4943-a09e-ac9858bfc208', N'b958ce32-a6f2-4e50-818c-963ec99d096f', 947.2900, 28, CAST(N'2020-10-15' AS Date)),
(814, N'07f30c4a-ac0c-43c7-9d20-affd1fc2998e', N'd02bc52f-f397-4842-8d05-e3d8363c4dd9', 303.4300, 45, CAST(N'2020-04-06' AS Date)),
(815, N'b4ce60ae-af36-4c2d-9946-55dfc6472154', N'84ced791-c058-4eb9-9371-1aed469b6ca4', 562.6700, 32, CAST(N'2021-11-23' AS Date)),
(816, N'50b26b32-464a-4328-900c-c404b07ee9b9', N'478d78fd-9b19-4842-a167-9c9ac7a347b1', 147.0800, 12, CAST(N'2019-12-07' AS Date)),
(817, N'b7311809-6d3a-4c5a-a350-8e40bd567dac', N'd2c7e66e-e28e-4be8-a40d-6507d5e1da96', 299.1800, 59, CAST(N'2021-05-04' AS Date)),
(818, N'1399aaee-c0a1-49fb-a151-55ea304136f7', N'eddc3cb6-4cdb-4a64-a6cb-753b07d321fb', 212.4600, 67, CAST(N'2019-08-07' AS Date)),
(819, N'7774530a-e9f2-4b68-9dcf-8bd92ae37a48', N'5f1c4eb2-5904-4a9f-9801-d8afcbfc6562', 772.4900, 98, CAST(N'2020-04-26' AS Date)),
(820, N'bfc7de6e-c77d-4134-b129-4425a0601637', N'3682407a-2dd4-440b-b013-21a5cfda2b91', 632.5600, 94, CAST(N'2021-06-03' AS Date)),
(821, N'4ce261f3-4a57-4c94-962d-e8dce10ae468', N'1246b845-904f-44d1-bc6e-15a18b228223', 265.9600, 39, CAST(N'2022-03-02' AS Date)),
(822, N'552385b4-c3d8-46a3-8070-5f40b28d9688', N'5941af06-b49c-4f40-b9c1-4615b2740570', 840.3600, 8, CAST(N'2021-02-06' AS Date)),
(823, N'af201fa1-4824-4299-97fb-8d5ef51ef325', N'ee6596d0-1616-4ebc-a2dd-a427533c4a41', 677.4900, 96, CAST(N'2021-01-21' AS Date)),
(824, N'9c17d29d-2e1e-473a-828a-697037cb8c71', N'80591ba5-d5f0-4bee-9ca8-4e8c61058091', 288.4600, 83, CAST(N'2019-11-05' AS Date)),
(825, N'ac575183-de4a-43f2-8b08-bbeb56825a4d', N'1414572c-e36d-408d-a2ec-9bf05132725b', 542.9200, 58, CAST(N'2021-10-16' AS Date)),
(826, N'679dcb7f-4782-48a4-bb88-e0cd72365ff3', N'0c3b5ca4-ab33-4ca0-9dbb-59137ca0abf6', 727.1000, 48, CAST(N'2019-10-15' AS Date)),
(827, N'9bc937f2-e092-4d67-af7f-8c83e343890e', N'fd39766e-55e2-4e9d-afac-79c39d74686a', 632.5400, 79, CAST(N'2022-04-18' AS Date)),
(828, N'bdc5d9dc-2ee4-4b78-8f98-33469f732cee', N'ad14a27e-97e7-4b31-b3c1-504fab8d8c61', 498.3000, 7, CAST(N'2019-07-27' AS Date)),
(829, N'682e5983-2a12-4773-8380-a2a75af5b900', N'f4c6c516-1f4d-4fdd-b766-860c07a8be69', 560.0400, 13, CAST(N'2020-01-18' AS Date)),
(830, N'c3aaf915-d3f3-459f-a10c-9acfb5fba2a5', N'089cf825-a07c-42a4-9ad2-73218b2571e9', 526.6300, 21, CAST(N'2019-08-15' AS Date)),
(831, N'a0d9ebcf-1ee0-491f-b6db-89e9708b4d63', N'c006922d-6672-4305-8c52-9b2819a11e4c', 956.6400, 27, CAST(N'2020-11-17' AS Date)),
(832, N'a4a25427-2a05-438d-b51a-51fd2d34f0b5', N'a256794c-28be-4918-af3f-c37805efb4c7', 55.6800, 24, CAST(N'2020-06-05' AS Date)),
(833, N'9748794b-70dc-479b-9a15-ea024c038247', N'7034bd4d-e5bd-4310-84b2-999a1ef79ac0', 449.1100, 27, CAST(N'2020-06-11' AS Date)),
(834, N'6417ddc0-d46c-4fe0-abed-2f7a0db3560b', N'b41185fe-9175-4b5c-b488-80ed09bbda61', 267.2800, 80, CAST(N'2020-08-27' AS Date)),
(835, N'bb95b277-418c-4c54-bccc-f7131b6ba575', N'5e80d567-edd1-4c8c-8b8b-5cec54d436ef', 939.6300, 36, CAST(N'2019-08-27' AS Date)),
(836, N'5ac74bd1-f311-4b9c-9844-2b576e3fe7d6', N'772eca4c-2a9a-46c5-8a11-5bf8bf745fdb', 869.1200, 38, CAST(N'2022-04-14' AS Date)),
(837, N'bc0252c5-e0a1-4df6-ac05-621c2e9456dd', N'6c0b1043-97aa-4494-a0a2-ffa51f04d31e', 355.8900, 60, CAST(N'2020-01-26' AS Date)),
(838, N'ac2fca20-e16e-4c85-9aa2-2d8b39b73641', N'eee8a4ec-6a4d-47c8-9db3-130ab839c0ab', 816.2100, 52, CAST(N'2021-07-04' AS Date)),
(839, N'5c2702e0-2875-4117-a29b-2a6472a3abba', N'0058c637-9260-4ae3-b221-9b4e231bc882', 662.6700, 92, CAST(N'2021-10-11' AS Date)),
(840, N'b135a744-8cb7-4a90-8dd4-eea43c3a4455', N'6567928f-b27f-45e9-b10e-b56a51c84c44', 263.0200, 8, CAST(N'2020-12-04' AS Date)),
(841, N'159f69cc-8dd3-4689-ae4b-2a5ed5380011', N'd7225f94-33b4-42df-b45e-8b4e79752ae8', 510.3300, 82, CAST(N'2020-03-03' AS Date)),
(842, N'637a1e93-f4d3-43bf-91e5-c59582807e8e', N'6cf1d7e4-0722-4f7a-abd4-067d4f593cad', 969.9600, 32, CAST(N'2021-03-04' AS Date)),
(843, N'b092007c-3e6c-4e1e-8217-654f1eaffb5f', N'10781302-7058-41a1-b371-1d82eda47b5e', 550.5300, 70, CAST(N'2019-08-23' AS Date)),
(844, N'c603e71e-c197-4c0b-9a88-7672d096412a', N'85a822dd-240f-4064-993b-f620ad3133f7', 433.0800, 57, CAST(N'2019-07-19' AS Date)),
(845, N'a3099209-9de8-49a6-8b6e-fe34a3c7fb33', N'096fca54-0269-4d55-906e-b5a3b5864cbf', 431.1100, 55, CAST(N'2021-08-25' AS Date)),
(846, N'7a19056c-a7ef-48b4-a1c3-aa6d52937915', N'0e80af34-d865-4b45-b1b1-eae8723627cf', 659.1200, 80, CAST(N'2020-06-29' AS Date)),
(847, N'67253b5a-c17d-48ad-b744-20af49bd41d5', N'ab805cb6-409b-4d21-84e2-b22ed7f33776', 869.5600, 4, CAST(N'2020-09-06' AS Date)),
(848, N'8217186f-2c9b-404f-bf62-437418834adf', N'79d702e7-81c7-4c43-b5c9-45e6c88663bd', 511.2600, 39, CAST(N'2019-09-23' AS Date)),
(849, N'd3df54f5-5642-4f9e-ac4e-76b142373c16', N'1b897be8-7c0f-43ae-9789-767c5acf5f2a', 534.5800, 66, CAST(N'2020-04-26' AS Date)),
(850, N'd80f7914-a7c7-4efe-9621-06c66a703067', N'6f0e07b4-40aa-4aec-90ab-d3a80755171b', 473.4700, 75, CAST(N'2019-07-08' AS Date)),
(851, N'16fcb931-e182-4e19-b47b-a6a915d89fd4', N'8dee66df-68c1-42f9-8224-827f929f3f6e', 514.0600, 100, CAST(N'2021-09-17' AS Date)),
(852, N'1d513d60-fc82-4eed-a938-7aa7aa033918', N'eed2b11b-84cd-444e-afd5-b14a0ffec2bc', 642.4700, 77, CAST(N'2020-07-07' AS Date)),
(853, N'c1f95514-7e82-4816-a6fa-80e72326e77c', N'9d2a5746-209d-4f7a-b71d-2e2779e9147a', 480.7100, 19, CAST(N'2021-10-20' AS Date)),
(854, N'f606e469-39b3-4b08-8127-9e47ca43364c', N'42042ad7-9894-4408-a696-89f7288c0d39', 276.9600, 99, CAST(N'2022-01-11' AS Date)),
(855, N'3b8eab77-ac4b-4a2a-9f82-ab9c220f80bc', N'dda7c2a1-58cf-4430-ae72-9b06360699fb', 269.6900, 73, CAST(N'2021-11-19' AS Date)),
(856, N'54f78724-8f15-4dae-9ef4-eec9d8c3c0c3', N'efed59cd-743b-4dea-9a64-69aac94ccf95', 81.7800, 31, CAST(N'2021-08-09' AS Date)),
(857, N'f9656673-7043-4355-a4bd-ec50c36094d6', N'f28ea4e1-d68f-4eb7-8a03-696d5734b3f3', 354.5700, 7, CAST(N'2021-11-19' AS Date)),
(858, N'cba7923e-fc77-453e-95e6-e1da9ca7a4dc', N'6a041258-f340-49ba-b019-8730fbde469e', 13.7600, 90, CAST(N'2020-03-20' AS Date)),
(859, N'5afcfeb2-d0c3-4aed-9b13-7e9ed40cebf1', N'8e3a787e-0e9d-4a33-a9c4-d00921deb589', 471.8500, 45, CAST(N'2019-11-02' AS Date)),
(860, N'0352e1d9-4964-4bd0-b617-6e03173498b3', N'078b236a-97d8-4464-a787-e675723eeff2', 953.4200, 27, CAST(N'2020-03-02' AS Date)),
(861, N'f9a706f9-9fcd-4555-a95a-9b66696e55f1', N'45d74a99-1f76-4369-a77a-7a0f44517a54', 618.6600, 65, CAST(N'2019-09-05' AS Date)),
(862, N'317471a6-173e-49f2-889e-9d1ed1e79546', N'358b5dbc-c2a9-400b-a42e-813e82059d7b', 33.2400, 43, CAST(N'2021-07-21' AS Date)),
(863, N'cf247620-e2a2-4a95-9116-a190e4f109c9', N'c5be90d7-ba72-4f6f-8860-6682de963349', 682.5800, 19, CAST(N'2019-07-27' AS Date)),
(864, N'8fce53b4-8a0a-43ac-9aa5-ac989d880d4a', N'622c77f5-295a-486d-adf4-300cb1bcc577', 669.4100, 2, CAST(N'2020-06-20' AS Date)),
(865, N'20c677d9-bf85-463e-8bc0-dd91109a9075', N'ffc55597-5ca5-457d-9809-a3a2b5df5d81', 742.1600, 100, CAST(N'2020-08-16' AS Date)),
(866, N'b9e62f74-7619-45be-b679-196c740f8d01', N'5dc3a941-1d6b-437c-bad6-79a181d1e817', 861.4900, 34, CAST(N'2020-02-25' AS Date)),
(867, N'fe4eddca-7378-4283-b59b-e71750b027bf', N'f9889414-8f10-49c7-a58d-ab75159795cf', 311.3000, 8, CAST(N'2020-04-12' AS Date)),
(868, N'6c4b3826-92fc-4a33-858b-4254e00d4f4b', N'c1e84a19-782b-42aa-b5d7-9f8e2f4d4e32', 586.0800, 96, CAST(N'2021-08-26' AS Date)),
(869, N'c7eec6c9-6b64-4119-ab29-817c6f5c74da', N'e5391d8e-c94f-40f5-ae41-be61c84bdd6e', 661.9000, 62, CAST(N'2020-10-26' AS Date)),
(870, N'91ea4429-e5e2-488a-967b-78d842e91868', N'fee87fa1-3cb4-4ab0-9fd3-235fc3882826', 371.3500, 54, CAST(N'2021-02-21' AS Date)),
(871, N'e1cf447e-26c6-4b16-819e-cddb4dcd73d3', N'372c2538-5953-41e2-b379-52f0e2f0c20a', 608.8900, 48, CAST(N'2020-07-15' AS Date)),
(872, N'31b5928b-d5c1-48e0-a8a4-937885a5970e', N'2ab824d9-aeb3-4630-951c-d6577e98d61f', 291.1000, 24, CAST(N'2019-08-23' AS Date)),
(873, N'64a29841-1d85-402b-b31d-d389a81b57bb', N'68225bd6-f567-432b-9935-c9569e17cfa4', 902.5900, 54, CAST(N'2020-07-08' AS Date)),
(874, N'66661131-2f13-4676-887b-92610892668f', N'd7e1a361-e91e-4d55-b924-c4b214ff3493', 598.8600, 15, CAST(N'2020-02-14' AS Date)),
(875, N'bd6de0de-d376-464e-be41-c31fd5bbd6ab', N'22268cd5-3be5-44b2-a30f-717cc1f88b50', 985.4500, 1, CAST(N'2019-12-08' AS Date)),
(876, N'd5164bec-9e46-480c-8287-fe029e4c2324', N'fef1668c-0878-46d7-8b78-fb98316b1dbb', 958.0600, 10, CAST(N'2021-09-27' AS Date)),
(877, N'7578d7f0-52c4-4a1e-83d3-d61072138091', N'4b1b0439-8080-447d-8e14-7e282031b2fb', 413.4900, 90, CAST(N'2021-12-12' AS Date)),
(878, N'b02d452a-67c8-4002-8b09-aaf8aa85501e', N'a38921aa-feb8-4e12-8ff3-a554bcca897b', 526.6400, 26, CAST(N'2022-01-06' AS Date)),
(879, N'3d343e33-e900-46ea-95d5-8b91ebbc6cc3', N'1c56f6e9-33eb-408b-9ecb-43ed15e4e231', 765.8800, 6, CAST(N'2021-01-05' AS Date)),
(880, N'da0f5388-f467-427b-9eee-fd0159d65fd4', N'05a839fc-f5e5-4cd2-94f5-94b021b1ecac', 176.6400, 34, CAST(N'2020-03-11' AS Date)),
(881, N'8f93967c-6f6b-4a5f-866d-4e297e874ccd', N'2f1d2953-b176-4d9a-85cc-20d3cd1c7e52', 215.4500, 97, CAST(N'2021-09-15' AS Date)),
(882, N'4d169a49-33b8-4837-beb4-e3ded974cf0c', N'69b97a91-604a-474a-8978-15833db78064', 381.0300, 71, CAST(N'2020-02-23' AS Date)),
(883, N'49755ab2-b98c-4bf4-92f9-7531296ec5a2', N'156f71d4-3abf-4199-9c4a-86e43011bc6c', 983.5500, 96, CAST(N'2020-02-19' AS Date)),
(884, N'4bda180e-63b0-43d6-9145-d7928e0d519f', N'5b0abf23-3cb0-4b0d-9978-d518dcb5d1e1', 875.8100, 45, CAST(N'2022-02-13' AS Date)),
(885, N'416c5c35-236d-4bc7-8dfb-d457c3648d9f', N'18b01cfb-e91d-4d71-9c08-81e1ebac8ef5', 835.5200, 74, CAST(N'2021-08-02' AS Date)),
(886, N'e87b4600-6025-40df-98d5-bd00c757274c', N'd10ebeac-928e-4181-88dc-3f2f06dd2ab0', 843.5000, 83, CAST(N'2021-10-17' AS Date)),
(887, N'884c9ae4-b899-4a5a-9630-23398a7f83ac', N'59ec25c1-4855-42b1-85cf-0bc84302f733', 912.0200, 34, CAST(N'2021-05-25' AS Date)),
(888, N'd9012056-b371-42d2-ba0b-9a5faf501a26', N'4dc2b1cc-3e37-4d01-b5aa-2ea721b4e560', 949.8100, 79, CAST(N'2020-02-08' AS Date)),
(889, N'8fa58c41-fe11-4871-8272-523a8fbd57c5', N'05e5850e-f25c-48a1-9f28-4b1addd2db01', 849.5800, 17, CAST(N'2020-02-10' AS Date)),
(890, N'd6870d5b-c731-48eb-b335-e9441c37657b', N'69bd45ae-f595-4b26-b897-fe183bd8670b', 324.5500, 35, CAST(N'2019-11-07' AS Date)),
(891, N'602ddce0-3478-4d4f-a138-f279aa5d5b15', N'ca28edb5-94bd-4a34-89fb-eb810ad66f43', 380.1700, 13, CAST(N'2020-03-23' AS Date)),
(892, N'b58dea53-1ebf-46cc-8f61-b9329415821c', N'2066a870-87ec-41fd-aa81-20c1185b40ae', 344.1000, 35, CAST(N'2021-02-07' AS Date)),
(893, N'a2afceb1-4d7e-4e07-aee7-d7406b0af6f7', N'c979c7f2-2a5d-4f22-8b00-bb38ba126cd1', 388.8300, 88, CAST(N'2020-12-06' AS Date)),
(894, N'168ed2ec-4660-4a54-a049-0c1cb332cf62', N'cc909a70-40b4-4991-bbda-2d76ccc9b52f', 90.5800, 70, CAST(N'2019-12-05' AS Date)),
(895, N'c5f0b732-69e4-462f-9dfb-37428f9c88d9', N'5b0abf23-3cb0-4b0d-9978-d518dcb5d1e1', 40.6800, 88, CAST(N'2019-11-26' AS Date)),
(896, N'b17bc60f-780e-4190-aa69-8a08c3998846', N'1320be5b-3c6c-4ba7-9744-745776b0825f', 273.0600, 49, CAST(N'2020-06-01' AS Date)),
(897, N'2581159d-127f-492a-a9db-86045973f3b4', N'478d78fd-9b19-4842-a167-9c9ac7a347b1', 993.7600, 14, CAST(N'2020-12-07' AS Date)),
(898, N'8217186f-2c9b-404f-bf62-437418834adf', N'd10ebeac-928e-4181-88dc-3f2f06dd2ab0', 381.9200, 83, CAST(N'2019-12-21' AS Date)),
(899, N'159f69cc-8dd3-4689-ae4b-2a5ed5380011', N'a38921aa-feb8-4e12-8ff3-a554bcca897b', 468.7800, 35, CAST(N'2022-06-17' AS Date)),
(900, N'b135a744-8cb7-4a90-8dd4-eea43c3a4455', N'd22fb4b9-8ef5-4555-ba65-a1ecbb8e1702', 438.4800, 79, CAST(N'2020-12-13' AS Date)),
(901, N'682e5983-2a12-4773-8380-a2a75af5b900', N'2ab824d9-aeb3-4630-951c-d6577e98d61f', 446.0300, 92, CAST(N'2020-09-29' AS Date)),
(902, N'd9012056-b371-42d2-ba0b-9a5faf501a26', N'fee87fa1-3cb4-4ab0-9fd3-235fc3882826', 879.3400, 80, CAST(N'2020-11-13' AS Date)),
(903, N'51a9266d-be19-4ac0-b048-93b2b449bdb2', N'18b01cfb-e91d-4d71-9c08-81e1ebac8ef5', 515.7000, 100, CAST(N'2019-12-16' AS Date)),
(904, N'602ddce0-3478-4d4f-a138-f279aa5d5b15', N'5e80d567-edd1-4c8c-8b8b-5cec54d436ef', 492.2400, 22, CAST(N'2020-06-16' AS Date)),
(905, N'bc0252c5-e0a1-4df6-ac05-621c2e9456dd', N'e5391d8e-c94f-40f5-ae41-be61c84bdd6e', 814.5000, 18, CAST(N'2020-12-08' AS Date)),
(906, N'9bc937f2-e092-4d67-af7f-8c83e343890e', N'6c0b1043-97aa-4494-a0a2-ffa51f04d31e', 827.2500, 52, CAST(N'2020-04-10' AS Date)),
(907, N'1399aaee-c0a1-49fb-a151-55ea304136f7', N'f6bbb2fc-ac9a-4235-8c2f-9535437384dd', 200.4100, 80, CAST(N'2022-01-17' AS Date)),
(908, N'a3099209-9de8-49a6-8b6e-fe34a3c7fb33', N'f4c6c516-1f4d-4fdd-b766-860c07a8be69', 600.1400, 35, CAST(N'2019-12-02' AS Date)),
(909, N'af201fa1-4824-4299-97fb-8d5ef51ef325', N'1246b845-904f-44d1-bc6e-15a18b228223', 666.9200, 66, CAST(N'2020-10-26' AS Date)),
(910, N'a2afceb1-4d7e-4e07-aee7-d7406b0af6f7', N'fef1668c-0878-46d7-8b78-fb98316b1dbb', 10.6800, 14, CAST(N'2022-03-21' AS Date)),
(911, N'5ac74bd1-f311-4b9c-9844-2b576e3fe7d6', N'f28ea4e1-d68f-4eb7-8a03-696d5734b3f3', 845.4300, 100, CAST(N'2021-03-19' AS Date)),
(912, N'4ce261f3-4a57-4c94-962d-e8dce10ae468', N'089cf825-a07c-42a4-9ad2-73218b2571e9', 579.2200, 10, CAST(N'2019-11-23' AS Date)),
(913, N'f6c415eb-c525-48e1-8da8-84f9f322f0bf', N'8dee66df-68c1-42f9-8224-827f929f3f6e', 508.9400, 30, CAST(N'2021-09-25' AS Date)),
(914, N'66661131-2f13-4676-887b-92610892668f', N'd7e1a361-e91e-4d55-b924-c4b214ff3493', 654.0400, 98, CAST(N'2021-06-19' AS Date)),
(915, N'31b5928b-d5c1-48e0-a8a4-937885a5970e', N'c49cdd05-da1f-412e-a43f-c3e8a0e46bd3', 62.3500, 4, CAST(N'2022-04-01' AS Date)),
(916, N'8f93967c-6f6b-4a5f-866d-4e297e874ccd', N'cf564382-4f5b-4216-af07-cc304507fc8a', 207.3000, 37, CAST(N'2021-06-01' AS Date)),
(917, N'8417ecf4-0c62-4cf1-910b-20e71b2e5c59', N'b41185fe-9175-4b5c-b488-80ed09bbda61', 427.1600, 57, CAST(N'2020-12-22' AS Date)),
(918, N'3b8eab77-ac4b-4a2a-9f82-ab9c220f80bc', N'68225bd6-f567-432b-9935-c9569e17cfa4', 172.9100, 19, CAST(N'2020-03-02' AS Date)),
(919, N'c3aaf915-d3f3-459f-a10c-9acfb5fba2a5', N'ad14a27e-97e7-4b31-b3c1-504fab8d8c61', 380.0300, 93, CAST(N'2022-01-15' AS Date)),
(920, N'b9e62f74-7619-45be-b679-196c740f8d01', N'd2c7e66e-e28e-4be8-a40d-6507d5e1da96', 226.1100, 79, CAST(N'2022-04-11' AS Date)),
(921, N'637a1e93-f4d3-43bf-91e5-c59582807e8e', N'05a839fc-f5e5-4cd2-94f5-94b021b1ecac', 729.9300, 6, CAST(N'2020-04-06' AS Date)),
(922, N'c1f95514-7e82-4816-a6fa-80e72326e77c', N'4dc2b1cc-3e37-4d01-b5aa-2ea721b4e560', 428.7600, 9, CAST(N'2019-11-02' AS Date)),
(923, N'b02d452a-67c8-4002-8b09-aaf8aa85501e', N'85a822dd-240f-4064-993b-f620ad3133f7', 25.5300, 87, CAST(N'2019-07-21' AS Date)),
(924, N'64a29841-1d85-402b-b31d-d389a81b57bb', N'2066a870-87ec-41fd-aa81-20c1185b40ae', 149.7700, 98, CAST(N'2021-10-12' AS Date)),
(925, N'b4ce60ae-af36-4c2d-9946-55dfc6472154', N'84ced791-c058-4eb9-9371-1aed469b6ca4', 698.6400, 76, CAST(N'2020-10-12' AS Date)),
(926, N'6c4b3826-92fc-4a33-858b-4254e00d4f4b', N'6f0e07b4-40aa-4aec-90ab-d3a80755171b', 600.2700, 33, CAST(N'2019-11-15' AS Date)),
(927, N'bfc7de6e-c77d-4134-b129-4425a0601637', N'c1e84a19-782b-42aa-b5d7-9f8e2f4d4e32', 633.5900, 27, CAST(N'2022-01-20' AS Date)),
(928, N'5496237d-a67b-4e91-9d44-a31b1dad9424', N'ab805cb6-409b-4d21-84e2-b22ed7f33776', 531.7600, 8, CAST(N'2022-04-26' AS Date)),
(929, N'416c5c35-236d-4bc7-8dfb-d457c3648d9f', N'7034bd4d-e5bd-4310-84b2-999a1ef79ac0', 835.9000, 92, CAST(N'2019-12-06' AS Date)),
(930, N'4bda180e-63b0-43d6-9145-d7928e0d519f', N'c979c7f2-2a5d-4f22-8b00-bb38ba126cd1', 268.0200, 98, CAST(N'2021-05-18' AS Date)),
(931, N'50b26b32-464a-4328-900c-c404b07ee9b9', N'b5beecf6-c53b-4eec-a9af-112cb4e6959c', 536.4400, 52, CAST(N'2019-11-08' AS Date)),
(932, N'0352e1d9-4964-4bd0-b617-6e03173498b3', N'b958ce32-a6f2-4e50-818c-963ec99d096f', 234.2000, 90, CAST(N'2020-09-13' AS Date)),
(933, N'91ea4429-e5e2-488a-967b-78d842e91868', N'efed59cd-743b-4dea-9a64-69aac94ccf95', 86.0100, 96, CAST(N'2020-06-23' AS Date)),
(934, N'da0f5388-f467-427b-9eee-fd0159d65fd4', N'5dc3a941-1d6b-437c-bad6-79a181d1e817', 32.1700, 95, CAST(N'2020-12-19' AS Date)),
(935, N'f0f3b6d2-747b-42d4-b636-43e40633afe3', N'6a041258-f340-49ba-b019-8730fbde469e', 396.5200, 88, CAST(N'2021-12-05' AS Date)),
(936, N'884c9ae4-b899-4a5a-9630-23398a7f83ac', N'1414572c-e36d-408d-a2ec-9bf05132725b', 710.9300, 62, CAST(N'2020-01-05' AS Date)),
(937, N'd6870d5b-c731-48eb-b335-e9441c37657b', N'59ec25c1-4855-42b1-85cf-0bc84302f733', 360.2800, 28, CAST(N'2021-01-21' AS Date)),
(938, N'e87b4600-6025-40df-98d5-bd00c757274c', N'1c56f6e9-33eb-408b-9ecb-43ed15e4e231', 586.2100, 49, CAST(N'2021-02-17' AS Date)),
(939, N'b7311809-6d3a-4c5a-a350-8e40bd567dac', N'69b97a91-604a-474a-8978-15833db78064', 700.0700, 97, CAST(N'2019-12-02' AS Date)),
(940, N'c603e71e-c197-4c0b-9a88-7672d096412a', N'dda7c2a1-58cf-4430-ae72-9b06360699fb', 482.9100, 48, CAST(N'2021-08-17' AS Date)),
(941, N'c7eec6c9-6b64-4119-ab29-817c6f5c74da', N'd02bc52f-f397-4842-8d05-e3d8363c4dd9', 10.7600, 72, CAST(N'2019-09-20' AS Date)),
(942, N'f9a706f9-9fcd-4555-a95a-9b66696e55f1', N'5f1c4eb2-5904-4a9f-9801-d8afcbfc6562', 260.0600, 24, CAST(N'2021-03-05' AS Date)),
(943, N'2581159d-127f-492a-a9db-86045973f3b4', N'3682407a-2dd4-440b-b013-21a5cfda2b91', 707.9700, 26, CAST(N'2022-05-09' AS Date)),
(944, N'cf247620-e2a2-4a95-9116-a190e4f109c9', N'0e80af34-d865-4b45-b1b1-eae8723627cf', 987.2600, 41, CAST(N'2020-06-08' AS Date)),
(945, N'ac2fca20-e16e-4c85-9aa2-2d8b39b73641', N'42042ad7-9894-4408-a696-89f7288c0d39', 69.7600, 52, CAST(N'2019-10-03' AS Date)),
(946, N'8fa58c41-fe11-4871-8272-523a8fbd57c5', N'05e5850e-f25c-48a1-9f28-4b1addd2db01', 835.1700, 66, CAST(N'2021-12-30' AS Date)),
(947, N'3d343e33-e900-46ea-95d5-8b91ebbc6cc3', N'358b5dbc-c2a9-400b-a42e-813e82059d7b', 730.9600, 73, CAST(N'2021-09-04' AS Date)),
(948, N'd5164bec-9e46-480c-8287-fe029e4c2324', N'a256794c-28be-4918-af3f-c37805efb4c7', 127.5800, 50, CAST(N'2021-02-25' AS Date)),
(949, N'd3df54f5-5642-4f9e-ac4e-76b142373c16', N'22268cd5-3be5-44b2-a30f-717cc1f88b50', 249.1500, 51, CAST(N'2020-09-06' AS Date)),
(950, N'b17bc60f-780e-4190-aa69-8a08c3998846', N'c15d23ed-afbf-4871-95d1-eca83dbaaee8', 31.5700, 17, CAST(N'2022-01-28' AS Date)),
(951, N'317471a6-173e-49f2-889e-9d1ed1e79546', N'9de4b300-eecf-4909-b4c0-96352f028ae1', 403.6100, 32, CAST(N'2020-10-28' AS Date)),
(952, N'168ed2ec-4660-4a54-a049-0c1cb332cf62', N'c006922d-6672-4305-8c52-9b2819a11e4c', 746.9400, 14, CAST(N'2022-04-20' AS Date)),
(953, N'ac575183-de4a-43f2-8b08-bbeb56825a4d', N'6cf1d7e4-0722-4f7a-abd4-067d4f593cad', 757.4400, 52, CAST(N'2019-08-15' AS Date)),
(954, N'552385b4-c3d8-46a3-8070-5f40b28d9688', N'096fca54-0269-4d55-906e-b5a3b5864cbf', 358.7500, 57, CAST(N'2021-09-08' AS Date)),
(955, N'a864b32d-8104-4a85-ba7e-5314940be523', N'9c70cbb4-c83d-4926-a1b3-ba22ca474c51', 578.8400, 98, CAST(N'2021-12-08' AS Date)),
(956, N'd80f7914-a7c7-4efe-9621-06c66a703067', N'6f95508a-16a6-4fa7-a3b7-23683a133b85', 355.2900, 33, CAST(N'2020-08-17' AS Date)),
(957, N'4d169a49-33b8-4837-beb4-e3ded974cf0c', N'00749def-93c9-4e1f-bd95-3bea958b832f', 39.2800, 13, CAST(N'2021-07-08' AS Date)),
(958, N'fe4eddca-7378-4283-b59b-e71750b027bf', N'fd39766e-55e2-4e9d-afac-79c39d74686a', 754.3200, 58, CAST(N'2021-05-15' AS Date)),
(959, N'aae5f23e-289a-4846-a2b7-a59035f2dc32', N'79d702e7-81c7-4c43-b5c9-45e6c88663bd', 265.6700, 64, CAST(N'2020-07-25' AS Date)),
(960, N'bb95b277-418c-4c54-bccc-f7131b6ba575', N'2f1d2953-b176-4d9a-85cc-20d3cd1c7e52', 384.2000, 66, CAST(N'2021-06-24' AS Date)),
(961, N'16fcb931-e182-4e19-b47b-a6a915d89fd4', N'6567928f-b27f-45e9-b10e-b56a51c84c44', 34.2800, 81, CAST(N'2021-05-04' AS Date)),
(962, N'e518fb62-d062-48c3-8ad2-71b17a3775a6', N'32856ccf-1b0a-4310-a995-b4f5b9b942c2', 46.1600, 47, CAST(N'2021-08-19' AS Date)),
(963, N'54f78724-8f15-4dae-9ef4-eec9d8c3c0c3', N'eed2b11b-84cd-444e-afd5-b14a0ffec2bc', 70.8500, 3, CAST(N'2021-07-26' AS Date)),
(964, N'7e43c03b-6f85-4943-a09e-ac9858bfc208', N'078b236a-97d8-4464-a787-e675723eeff2', 51.2000, 97, CAST(N'2021-02-24' AS Date)),
(965, N'679dcb7f-4782-48a4-bb88-e0cd72365ff3', N'8e3a787e-0e9d-4a33-a9c4-d00921deb589', 882.1800, 55, CAST(N'2019-10-31' AS Date)),
(966, N'07f30c4a-ac0c-43c7-9d20-affd1fc2998e', N'f9889414-8f10-49c7-a58d-ab75159795cf', 783.3400, 15, CAST(N'2019-10-13' AS Date)),
(967, N'e1cf447e-26c6-4b16-819e-cddb4dcd73d3', N'f3a37a0e-7790-4aac-89bd-91a41a5bc901', 129.2800, 8, CAST(N'2020-04-17' AS Date)),
(968, N'67253b5a-c17d-48ad-b744-20af49bd41d5', N'ca28edb5-94bd-4a34-89fb-eb810ad66f43', 374.2200, 81, CAST(N'2020-09-10' AS Date)),
(969, N'7774530a-e9f2-4b68-9dcf-8bd92ae37a48', N'9d2a5746-209d-4f7a-b71d-2e2779e9147a', 846.5100, 79, CAST(N'2021-09-04' AS Date)),
(970, N'f9656673-7043-4355-a4bd-ec50c36094d6', N'ee6596d0-1616-4ebc-a2dd-a427533c4a41', 937.2400, 37, CAST(N'2021-07-22' AS Date)),
(971, N'6417ddc0-d46c-4fe0-abed-2f7a0db3560b', N'69bd45ae-f595-4b26-b897-fe183bd8670b', 481.1900, 79, CAST(N'2022-04-15' AS Date)),
(972, N'c5f0b732-69e4-462f-9dfb-37428f9c88d9', N'4b1b0439-8080-447d-8e14-7e282031b2fb', 832.1600, 34, CAST(N'2022-03-26' AS Date)),
(973, N'1b022324-bf5a-4ecb-9495-0cbcd2e2d49d', N'5941af06-b49c-4f40-b9c1-4615b2740570', 910.2900, 54, CAST(N'2021-06-27' AS Date)),
(974, N'bdc5d9dc-2ee4-4b78-8f98-33469f732cee', N'772eca4c-2a9a-46c5-8a11-5bf8bf745fdb', 95.9400, 51, CAST(N'2020-06-01' AS Date)),
(975, N'8fce53b4-8a0a-43ac-9aa5-ac989d880d4a', N'45d74a99-1f76-4369-a77a-7a0f44517a54', 980.4400, 3, CAST(N'2020-05-04' AS Date)),
(976, N'20c677d9-bf85-463e-8bc0-dd91109a9075', N'1b897be8-7c0f-43ae-9789-767c5acf5f2a', 477.8200, 79, CAST(N'2019-11-12' AS Date)),
(977, N'7a19056c-a7ef-48b4-a1c3-aa6d52937915', N'6152d1e8-53f4-4f99-98f2-5c9f35a1c126', 100.6700, 50, CAST(N'2022-02-25' AS Date)),
(978, N'cba7923e-fc77-453e-95e6-e1da9ca7a4dc', N'fe07f38b-296e-4965-bb42-c26731eadf22', 505.2200, 1, CAST(N'2019-12-12' AS Date)),
(979, N'b58dea53-1ebf-46cc-8f61-b9329415821c', N'c5be90d7-ba72-4f6f-8860-6682de963349', 261.0400, 8, CAST(N'2019-12-30' AS Date)),
(980, N'5c2702e0-2875-4117-a29b-2a6472a3abba', N'fb0c8bd0-de34-4eaa-a07c-cf13820e6296', 267.8400, 95, CAST(N'2022-04-16' AS Date)),
(981, N'a4a25427-2a05-438d-b51a-51fd2d34f0b5', N'372c2538-5953-41e2-b379-52f0e2f0c20a', 223.0500, 36, CAST(N'2021-11-18' AS Date)),
(982, N'1d513d60-fc82-4eed-a938-7aa7aa033918', N'4a6f0b98-129c-48a9-99bc-9e547faf80c1', 823.2300, 1, CAST(N'2021-09-30' AS Date)),
(983, N'f606e469-39b3-4b08-8127-9e47ca43364c', N'ffc55597-5ca5-457d-9809-a3a2b5df5d81', 286.3400, 88, CAST(N'2021-08-10' AS Date)),
(984, N'5afcfeb2-d0c3-4aed-9b13-7e9ed40cebf1', N'd7225f94-33b4-42df-b45e-8b4e79752ae8', 269.7000, 73, CAST(N'2021-03-22' AS Date)),
(985, N'f5c1dd8b-7c58-4206-ac8d-c84becb02070', N'10781302-7058-41a1-b371-1d82eda47b5e', 72.9600, 72, CAST(N'2019-12-20' AS Date)),
(986, N'82f96b1b-5646-42ca-b912-705467bd0c0f', N'0c3b5ca4-ab33-4ca0-9dbb-59137ca0abf6', 614.5600, 17, CAST(N'2020-01-14' AS Date)),
(987, N'9748794b-70dc-479b-9a15-ea024c038247', N'8ec95368-b752-4885-af60-90120a32946c', 76.7000, 33, CAST(N'2022-05-09' AS Date)),
(988, N'bd6de0de-d376-464e-be41-c31fd5bbd6ab', N'80591ba5-d5f0-4bee-9ca8-4e8c61058091', 757.9100, 31, CAST(N'2021-03-11' AS Date)),
(989, N'ccfd6fc2-30fa-4159-b5eb-df847dbff70f', N'eee8a4ec-6a4d-47c8-9db3-130ab839c0ab', 26.8600, 26, CAST(N'2019-06-25' AS Date)),
(990, N'b092007c-3e6c-4e1e-8217-654f1eaffb5f', N'0058c637-9260-4ae3-b221-9b4e231bc882', 731.2000, 4, CAST(N'2022-06-01' AS Date)),
(991, N'a0d9ebcf-1ee0-491f-b6db-89e9708b4d63', N'eddc3cb6-4cdb-4a64-a6cb-753b07d321fb', 8.5800, 44, CAST(N'2020-10-16' AS Date)),
(992, N'8d3f0286-dfa0-4ac6-b1aa-f6d0a0d27a18', N'622c77f5-295a-486d-adf4-300cb1bcc577', 913.8500, 61, CAST(N'2019-07-31' AS Date)),
(993, N'49755ab2-b98c-4bf4-92f9-7531296ec5a2', N'79d702e7-81c7-4c43-b5c9-45e6c88663bd', 904.7400, 67, CAST(N'2020-02-29' AS Date)),
(994, N'7578d7f0-52c4-4a1e-83d3-d61072138091', N'fee87fa1-3cb4-4ab0-9fd3-235fc3882826', 215.7000, 11, CAST(N'2020-11-20' AS Date)),
(995, N'9c17d29d-2e1e-473a-828a-697037cb8c71', N'fb0c8bd0-de34-4eaa-a07c-cf13820e6296', 421.4800, 12, CAST(N'2020-12-16' AS Date)),
(996, N'2d042cde-eb49-4ddd-8dd9-7c4abc193aae', N'089cf825-a07c-42a4-9ad2-73218b2571e9', 101.7000, 31, CAST(N'2021-12-23' AS Date)),
(997, N'159f69cc-8dd3-4689-ae4b-2a5ed5380011', N'5dc3a941-1d6b-437c-bad6-79a181d1e817', 117.1100, 84, CAST(N'2021-01-21' AS Date)),
(998, N'e1cf447e-26c6-4b16-819e-cddb4dcd73d3', N'156f71d4-3abf-4199-9c4a-86e43011bc6c', 995.2600, 70, CAST(N'2020-07-22' AS Date)),
(999, N'b135a744-8cb7-4a90-8dd4-eea43c3a4455', N'9d2a5746-209d-4f7a-b71d-2e2779e9147a', 464.6500, 8, CAST(N'2020-02-17' AS Date)),
(1000, N'64a29841-1d85-402b-b31d-d389a81b57bb', N'4b1b0439-8080-447d-8e14-7e282031b2fb', 562.3300, 53, CAST(N'2020-07-17' AS Date))
GO
SET IDENTITY_INSERT [dbo].[Order] OFF
GO
ALTER TABLE [dbo].[Order] ADD  CONSTRAINT [DF_Order_OrderDate]  DEFAULT (getutcdate()) FOR [OrderDate]
GO
ALTER TABLE [dbo].[Order]  WITH CHECK ADD FOREIGN KEY([CustomerId])
REFERENCES [dbo].[Customer] ([Id])
GO
ALTER TABLE [dbo].[Order]  WITH CHECK ADD FOREIGN KEY([EmployeeId])
REFERENCES [dbo].[Employee] ([Id])
GO
USE [master]
GO
ALTER DATABASE [MyApp] SET  READ_WRITE 
GO
